timestamp,area_id,seasonality_mode,changepoint_prior_scale,seasonality_prior_scale,fourier_order,n_trials,outlier_detection,outlier_treatment,outliers_found,outliers_percentage,missing_found,mae,rmse,mape,mase,mase_seas,metrics,test_size,regressors,config
2025-07-15 00:38:49,1,multiplicative,0.5938083708706818,0.0716571466005349,1,80,,,0,0.0,0,1422.154821152507,1633.6906823569695,13.512811411806267,1.4421920856618085,0.909855581330327,"{'mae': 1422.154821152507, 'rmse': 1633.6906823569695, 'mape': 13.512811411806267, 'mase': 1.4421920856618085, 'mase_seas': 0.909855581330327}",12,[],"{'comment': '', 'area_id': 1, 'test_size': 12, 'valid_size': 10, 'impute_thresh': None, 'impute_method': 'linear', 'outlier_detection': 'iqr', 'outlier_treatment': 'interpolate', 'auto_outlier_methods': False, 'n_trials': 100, 'optimize': True, 'changepoint_prior_scale': [0.001, 0.6], 'seasonality_prior_scale': [0.01, 5], 'seasonality_mode': ['additive', 'multiplicative'], 'n_changepoints': [5, 20], 'fourier_order': [1, 10], 'add_regressors': False, 'top_regressors': 3, 'cv_folds': 0, 'early_stopping_patience': 40, 'n_jobs': -1, 'cv_repeats': 2, 'n_bootstrap': 10, 'random_state': 42, 'log_experiment_results': True, 'log_filepath': 'junk.csv', 'plot_forecast': False, 'save_plot': True, 'data_filepath': '../data/combined_water_data.csv', 'run_dir': 'exp9_base_no_reg', 'optimize_regressor_selection': True, 'min_regressors': 2, 'max_regressors': 10, 'regressors': {'ramadan_month_regressor': True, 'eid_alfitr_month_regressor': True, 'eid_aladha_month_regressor': True, 'fridays_per_month_regressor': True, 'temperature_regressor': True, 'temp_anomaly_regressor': True, 'humidity_regressor': True, 'rainfall_regressor': True, 'month_sin_regressor': True, 'month_cos_regressor': True, 'month_sin2_regressor': False, 'month_cos2_regressor': False, 'winter_regressor': True, 'spring_regressor': True, 'summer_regressor': True, 'fall_regressor': True, 'years_since_start_regressor': True, 'years_since_start_squared_regressor': True, 'years_since_start_power1_5_regressor': False, 'years_since_start_log_regressor': False, 'years_since_halfway_regressor': False, 'multi_year_cycle_regressor': False, 'cumulative_rainfall_regressor': False, 'temp_trend_interaction_regressor': False, 'y_ma3_regressor': True, 'y_ma6_regressor': False, 'y_ma12_regressor': False, 'y_ewma3_regressor': True, 'y_ewma6_regressor': False, 'y_std3_regressor': False, 'y_std6_regressor': False, 'y_std12_regressor': False}}"
2025-07-15 00:39:16,2,multiplicative,0.37202707306781,4.709711807011447,1,100,iqr,interpolate,2,3.3333333333333335,0,202.37672793176077,226.12126425829322,10.634298260398017,0.8112329392573779,0.7767537934341302,"{'mae': 202.37672793176077, 'rmse': 226.12126425829322, 'mape': 10.634298260398017, 'mase': 0.8112329392573779, 'mase_seas': 0.7767537934341302}",12,[],"{'comment': '', 'area_id': 2, 'test_size': 12, 'valid_size': 10, 'impute_thresh': None, 'impute_method': 'linear', 'outlier_detection': 'iqr', 'outlier_treatment': 'interpolate', 'auto_outlier_methods': False, 'n_trials': 100, 'optimize': True, 'changepoint_prior_scale': [0.001, 0.6], 'seasonality_prior_scale': [0.01, 5], 'seasonality_mode': ['additive', 'multiplicative'], 'n_changepoints': [5, 20], 'fourier_order': [1, 10], 'add_regressors': False, 'top_regressors': 3, 'cv_folds': 0, 'early_stopping_patience': 40, 'n_jobs': -1, 'cv_repeats': 2, 'n_bootstrap': 10, 'random_state': 42, 'log_experiment_results': True, 'log_filepath': 'junk.csv', 'plot_forecast': False, 'save_plot': True, 'data_filepath': '../data/combined_water_data.csv', 'run_dir': 'exp9_base_no_reg', 'optimize_regressor_selection': True, 'min_regressors': 2, 'max_regressors': 10, 'regressors': {'ramadan_month_regressor': True, 'eid_alfitr_month_regressor': True, 'eid_aladha_month_regressor': True, 'fridays_per_month_regressor': True, 'temperature_regressor': True, 'temp_anomaly_regressor': True, 'humidity_regressor': True, 'rainfall_regressor': True, 'month_sin_regressor': True, 'month_cos_regressor': True, 'month_sin2_regressor': False, 'month_cos2_regressor': False, 'winter_regressor': True, 'spring_regressor': True, 'summer_regressor': True, 'fall_regressor': True, 'years_since_start_regressor': True, 'years_since_start_squared_regressor': True, 'years_since_start_power1_5_regressor': False, 'years_since_start_log_regressor': False, 'years_since_halfway_regressor': False, 'multi_year_cycle_regressor': False, 'cumulative_rainfall_regressor': False, 'temp_trend_interaction_regressor': False, 'y_ma3_regressor': True, 'y_ma6_regressor': False, 'y_ma12_regressor': False, 'y_ewma3_regressor': True, 'y_ewma6_regressor': False, 'y_std3_regressor': False, 'y_std6_regressor': False, 'y_std12_regressor': False}}"
2025-07-15 00:39:40,3,multiplicative,0.3885125114091033,4.931253420958596,1,76,,,0,0.0,0,1902.478887336838,2090.1382148709176,9.714019979022886,0.9160119623503702,0.8751947447364375,"{'mae': 1902.478887336838, 'rmse': 2090.1382148709176, 'mape': 9.714019979022886, 'mase': 0.9160119623503702, 'mase_seas': 0.8751947447364375}",12,[],"{'comment': '', 'area_id': 3, 'test_size': 12, 'valid_size': 10, 'impute_thresh': None, 'impute_method': 'linear', 'outlier_detection': 'iqr', 'outlier_treatment': 'interpolate', 'auto_outlier_methods': False, 'n_trials': 100, 'optimize': True, 'changepoint_prior_scale': [0.001, 0.6], 'seasonality_prior_scale': [0.01, 5], 'seasonality_mode': ['additive', 'multiplicative'], 'n_changepoints': [5, 20], 'fourier_order': [1, 10], 'add_regressors': False, 'top_regressors': 3, 'cv_folds': 0, 'early_stopping_patience': 40, 'n_jobs': -1, 'cv_repeats': 2, 'n_bootstrap': 10, 'random_state': 42, 'log_experiment_results': True, 'log_filepath': 'junk.csv', 'plot_forecast': False, 'save_plot': True, 'data_filepath': '../data/combined_water_data.csv', 'run_dir': 'exp9_base_no_reg', 'optimize_regressor_selection': True, 'min_regressors': 2, 'max_regressors': 10, 'regressors': {'ramadan_month_regressor': True, 'eid_alfitr_month_regressor': True, 'eid_aladha_month_regressor': True, 'fridays_per_month_regressor': True, 'temperature_regressor': True, 'temp_anomaly_regressor': True, 'humidity_regressor': True, 'rainfall_regressor': True, 'month_sin_regressor': True, 'month_cos_regressor': True, 'month_sin2_regressor': False, 'month_cos2_regressor': False, 'winter_regressor': True, 'spring_regressor': True, 'summer_regressor': True, 'fall_regressor': True, 'years_since_start_regressor': True, 'years_since_start_squared_regressor': True, 'years_since_start_power1_5_regressor': False, 'years_since_start_log_regressor': False, 'years_since_halfway_regressor': False, 'multi_year_cycle_regressor': False, 'cumulative_rainfall_regressor': False, 'temp_trend_interaction_regressor': False, 'y_ma3_regressor': True, 'y_ma6_regressor': False, 'y_ma12_regressor': False, 'y_ewma3_regressor': True, 'y_ewma6_regressor': False, 'y_std3_regressor': False, 'y_std6_regressor': False, 'y_std12_regressor': False}}"
2025-07-15 00:40:04,4,multiplicative,0.2817539879416367,3.9388090510424454,1,58,iqr,interpolate,5,8.333333333333332,0,1237.627909235385,1476.0523300432933,6.995983923068665,0.6052788884108874,0.5360823078930661,"{'mae': 1237.627909235385, 'rmse': 1476.0523300432933, 'mape': 6.995983923068665, 'mase': 0.6052788884108874, 'mase_seas': 0.5360823078930661}",12,[],"{'comment': '', 'area_id': 4, 'test_size': 12, 'valid_size': 10, 'impute_thresh': None, 'impute_method': 'linear', 'outlier_detection': 'iqr', 'outlier_treatment': 'interpolate', 'auto_outlier_methods': False, 'n_trials': 100, 'optimize': True, 'changepoint_prior_scale': [0.001, 0.6], 'seasonality_prior_scale': [0.01, 5], 'seasonality_mode': ['additive', 'multiplicative'], 'n_changepoints': [5, 20], 'fourier_order': [1, 10], 'add_regressors': False, 'top_regressors': 3, 'cv_folds': 0, 'early_stopping_patience': 40, 'n_jobs': -1, 'cv_repeats': 2, 'n_bootstrap': 10, 'random_state': 42, 'log_experiment_results': True, 'log_filepath': 'junk.csv', 'plot_forecast': False, 'save_plot': True, 'data_filepath': '../data/combined_water_data.csv', 'run_dir': 'exp9_base_no_reg', 'optimize_regressor_selection': True, 'min_regressors': 2, 'max_regressors': 10, 'regressors': {'ramadan_month_regressor': True, 'eid_alfitr_month_regressor': True, 'eid_aladha_month_regressor': True, 'fridays_per_month_regressor': True, 'temperature_regressor': True, 'temp_anomaly_regressor': True, 'humidity_regressor': True, 'rainfall_regressor': True, 'month_sin_regressor': True, 'month_cos_regressor': True, 'month_sin2_regressor': False, 'month_cos2_regressor': False, 'winter_regressor': True, 'spring_regressor': True, 'summer_regressor': True, 'fall_regressor': True, 'years_since_start_regressor': True, 'years_since_start_squared_regressor': True, 'years_since_start_power1_5_regressor': False, 'years_since_start_log_regressor': False, 'years_since_halfway_regressor': False, 'multi_year_cycle_regressor': False, 'cumulative_rainfall_regressor': False, 'temp_trend_interaction_regressor': False, 'y_ma3_regressor': True, 'y_ma6_regressor': False, 'y_ma12_regressor': False, 'y_ewma3_regressor': True, 'y_ewma6_regressor': False, 'y_std3_regressor': False, 'y_std6_regressor': False, 'y_std12_regressor': False}}"
2025-07-15 00:40:34,5,multiplicative,0.08350081093771006,0.06236382715160582,2,92,iqr,interpolate,4,6.666666666666667,0,1520.6607605372863,1932.4769488398078,8.262804382341972,0.7767157780111551,0.8850985421186642,"{'mae': 1520.6607605372863, 'rmse': 1932.4769488398078, 'mape': 8.262804382341972, 'mase': 0.7767157780111551, 'mase_seas': 0.8850985421186642}",12,[],"{'comment': '', 'area_id': 5, 'test_size': 12, 'valid_size': 10, 'impute_thresh': None, 'impute_method': 'linear', 'outlier_detection': 'iqr', 'outlier_treatment': 'interpolate', 'auto_outlier_methods': False, 'n_trials': 100, 'optimize': True, 'changepoint_prior_scale': [0.001, 0.6], 'seasonality_prior_scale': [0.01, 5], 'seasonality_mode': ['additive', 'multiplicative'], 'n_changepoints': [5, 20], 'fourier_order': [1, 10], 'add_regressors': False, 'top_regressors': 3, 'cv_folds': 0, 'early_stopping_patience': 40, 'n_jobs': -1, 'cv_repeats': 2, 'n_bootstrap': 10, 'random_state': 42, 'log_experiment_results': True, 'log_filepath': 'junk.csv', 'plot_forecast': False, 'save_plot': True, 'data_filepath': '../data/combined_water_data.csv', 'run_dir': 'exp9_base_no_reg', 'optimize_regressor_selection': True, 'min_regressors': 2, 'max_regressors': 10, 'regressors': {'ramadan_month_regressor': True, 'eid_alfitr_month_regressor': True, 'eid_aladha_month_regressor': True, 'fridays_per_month_regressor': True, 'temperature_regressor': True, 'temp_anomaly_regressor': True, 'humidity_regressor': True, 'rainfall_regressor': True, 'month_sin_regressor': True, 'month_cos_regressor': True, 'month_sin2_regressor': False, 'month_cos2_regressor': False, 'winter_regressor': True, 'spring_regressor': True, 'summer_regressor': True, 'fall_regressor': True, 'years_since_start_regressor': True, 'years_since_start_squared_regressor': True, 'years_since_start_power1_5_regressor': False, 'years_since_start_log_regressor': False, 'years_since_halfway_regressor': False, 'multi_year_cycle_regressor': False, 'cumulative_rainfall_regressor': False, 'temp_trend_interaction_regressor': False, 'y_ma3_regressor': True, 'y_ma6_regressor': False, 'y_ma12_regressor': False, 'y_ewma3_regressor': True, 'y_ewma6_regressor': False, 'y_std3_regressor': False, 'y_std6_regressor': False, 'y_std12_regressor': False}}"
2025-07-15 00:41:01,6,additive,0.5670057248560375,1.1123488860871604,1,93,,,0,0.0,0,2199.123178004645,2653.2574138010177,9.529072045430425,0.8131188489561992,0.8051709576215432,"{'mae': 2199.123178004645, 'rmse': 2653.2574138010177, 'mape': 9.529072045430425, 'mase': 0.8131188489561992, 'mase_seas': 0.8051709576215432}",12,[],"{'comment': '', 'area_id': 6, 'test_size': 12, 'valid_size': 10, 'impute_thresh': None, 'impute_method': 'linear', 'outlier_detection': 'iqr', 'outlier_treatment': 'interpolate', 'auto_outlier_methods': False, 'n_trials': 100, 'optimize': True, 'changepoint_prior_scale': [0.001, 0.6], 'seasonality_prior_scale': [0.01, 5], 'seasonality_mode': ['additive', 'multiplicative'], 'n_changepoints': [5, 20], 'fourier_order': [1, 10], 'add_regressors': False, 'top_regressors': 3, 'cv_folds': 0, 'early_stopping_patience': 40, 'n_jobs': -1, 'cv_repeats': 2, 'n_bootstrap': 10, 'random_state': 42, 'log_experiment_results': True, 'log_filepath': 'junk.csv', 'plot_forecast': False, 'save_plot': True, 'data_filepath': '../data/combined_water_data.csv', 'run_dir': 'exp9_base_no_reg', 'optimize_regressor_selection': True, 'min_regressors': 2, 'max_regressors': 10, 'regressors': {'ramadan_month_regressor': True, 'eid_alfitr_month_regressor': True, 'eid_aladha_month_regressor': True, 'fridays_per_month_regressor': True, 'temperature_regressor': True, 'temp_anomaly_regressor': True, 'humidity_regressor': True, 'rainfall_regressor': True, 'month_sin_regressor': True, 'month_cos_regressor': True, 'month_sin2_regressor': False, 'month_cos2_regressor': False, 'winter_regressor': True, 'spring_regressor': True, 'summer_regressor': True, 'fall_regressor': True, 'years_since_start_regressor': True, 'years_since_start_squared_regressor': True, 'years_since_start_power1_5_regressor': False, 'years_since_start_log_regressor': False, 'years_since_halfway_regressor': False, 'multi_year_cycle_regressor': False, 'cumulative_rainfall_regressor': False, 'temp_trend_interaction_regressor': False, 'y_ma3_regressor': True, 'y_ma6_regressor': False, 'y_ma12_regressor': False, 'y_ewma3_regressor': True, 'y_ewma6_regressor': False, 'y_std3_regressor': False, 'y_std6_regressor': False, 'y_std12_regressor': False}}"
2025-07-15 00:41:25,7,additive,0.5407223973886989,3.4020984082963817,1,61,iqr,interpolate,3,5.0,0,478.01003782663355,531.5366897838312,14.378580093215113,0.8909256365884831,1.0325429834226352,"{'mae': 478.01003782663355, 'rmse': 531.5366897838312, 'mape': 14.378580093215113, 'mase': 0.8909256365884831, 'mase_seas': 1.0325429834226352}",12,[],"{'comment': '', 'area_id': 7, 'test_size': 12, 'valid_size': 10, 'impute_thresh': None, 'impute_method': 'linear', 'outlier_detection': 'iqr', 'outlier_treatment': 'interpolate', 'auto_outlier_methods': False, 'n_trials': 100, 'optimize': True, 'changepoint_prior_scale': [0.001, 0.6], 'seasonality_prior_scale': [0.01, 5], 'seasonality_mode': ['additive', 'multiplicative'], 'n_changepoints': [5, 20], 'fourier_order': [1, 10], 'add_regressors': False, 'top_regressors': 3, 'cv_folds': 0, 'early_stopping_patience': 40, 'n_jobs': -1, 'cv_repeats': 2, 'n_bootstrap': 10, 'random_state': 42, 'log_experiment_results': True, 'log_filepath': 'junk.csv', 'plot_forecast': False, 'save_plot': True, 'data_filepath': '../data/combined_water_data.csv', 'run_dir': 'exp9_base_no_reg', 'optimize_regressor_selection': True, 'min_regressors': 2, 'max_regressors': 10, 'regressors': {'ramadan_month_regressor': True, 'eid_alfitr_month_regressor': True, 'eid_aladha_month_regressor': True, 'fridays_per_month_regressor': True, 'temperature_regressor': True, 'temp_anomaly_regressor': True, 'humidity_regressor': True, 'rainfall_regressor': True, 'month_sin_regressor': True, 'month_cos_regressor': True, 'month_sin2_regressor': False, 'month_cos2_regressor': False, 'winter_regressor': True, 'spring_regressor': True, 'summer_regressor': True, 'fall_regressor': True, 'years_since_start_regressor': True, 'years_since_start_squared_regressor': True, 'years_since_start_power1_5_regressor': False, 'years_since_start_log_regressor': False, 'years_since_halfway_regressor': False, 'multi_year_cycle_regressor': False, 'cumulative_rainfall_regressor': False, 'temp_trend_interaction_regressor': False, 'y_ma3_regressor': True, 'y_ma6_regressor': False, 'y_ma12_regressor': False, 'y_ewma3_regressor': True, 'y_ewma6_regressor': False, 'y_std3_regressor': False, 'y_std6_regressor': False, 'y_std12_regressor': False}}"
2025-07-15 00:41:49,8,multiplicative,0.002907195772025778,1.7409008760170532,1,76,iqr,interpolate,3,5.0,0,800.1265451679704,889.7825071812667,11.275473020092813,0.8732774684275274,0.9634597326157225,"{'mae': 800.1265451679704, 'rmse': 889.7825071812667, 'mape': 11.275473020092813, 'mase': 0.8732774684275274, 'mase_seas': 0.9634597326157225}",12,[],"{'comment': '', 'area_id': 8, 'test_size': 12, 'valid_size': 10, 'impute_thresh': None, 'impute_method': 'linear', 'outlier_detection': 'iqr', 'outlier_treatment': 'interpolate', 'auto_outlier_methods': False, 'n_trials': 100, 'optimize': True, 'changepoint_prior_scale': [0.001, 0.6], 'seasonality_prior_scale': [0.01, 5], 'seasonality_mode': ['additive', 'multiplicative'], 'n_changepoints': [5, 20], 'fourier_order': [1, 10], 'add_regressors': False, 'top_regressors': 3, 'cv_folds': 0, 'early_stopping_patience': 40, 'n_jobs': -1, 'cv_repeats': 2, 'n_bootstrap': 10, 'random_state': 42, 'log_experiment_results': True, 'log_filepath': 'junk.csv', 'plot_forecast': False, 'save_plot': True, 'data_filepath': '../data/combined_water_data.csv', 'run_dir': 'exp9_base_no_reg', 'optimize_regressor_selection': True, 'min_regressors': 2, 'max_regressors': 10, 'regressors': {'ramadan_month_regressor': True, 'eid_alfitr_month_regressor': True, 'eid_aladha_month_regressor': True, 'fridays_per_month_regressor': True, 'temperature_regressor': True, 'temp_anomaly_regressor': True, 'humidity_regressor': True, 'rainfall_regressor': True, 'month_sin_regressor': True, 'month_cos_regressor': True, 'month_sin2_regressor': False, 'month_cos2_regressor': False, 'winter_regressor': True, 'spring_regressor': True, 'summer_regressor': True, 'fall_regressor': True, 'years_since_start_regressor': True, 'years_since_start_squared_regressor': True, 'years_since_start_power1_5_regressor': False, 'years_since_start_log_regressor': False, 'years_since_halfway_regressor': False, 'multi_year_cycle_regressor': False, 'cumulative_rainfall_regressor': False, 'temp_trend_interaction_regressor': False, 'y_ma3_regressor': True, 'y_ma6_regressor': False, 'y_ma12_regressor': False, 'y_ewma3_regressor': True, 'y_ewma6_regressor': False, 'y_std3_regressor': False, 'y_std6_regressor': False, 'y_std12_regressor': False}}"
2025-07-15 00:42:14,9,additive,0.5985915856620913,3.4078068412681137,1,76,iqr,interpolate,1,1.6666666666666667,0,3204.4903457859914,3716.9195387618724,9.233421010765149,0.9345377991694119,0.9517071038626367,"{'mae': 3204.4903457859914, 'rmse': 3716.9195387618724, 'mape': 9.233421010765149, 'mase': 0.9345377991694119, 'mase_seas': 0.9517071038626367}",12,[],"{'comment': '', 'area_id': 9, 'test_size': 12, 'valid_size': 10, 'impute_thresh': None, 'impute_method': 'linear', 'outlier_detection': 'iqr', 'outlier_treatment': 'interpolate', 'auto_outlier_methods': False, 'n_trials': 100, 'optimize': True, 'changepoint_prior_scale': [0.001, 0.6], 'seasonality_prior_scale': [0.01, 5], 'seasonality_mode': ['additive', 'multiplicative'], 'n_changepoints': [5, 20], 'fourier_order': [1, 10], 'add_regressors': False, 'top_regressors': 3, 'cv_folds': 0, 'early_stopping_patience': 40, 'n_jobs': -1, 'cv_repeats': 2, 'n_bootstrap': 10, 'random_state': 42, 'log_experiment_results': True, 'log_filepath': 'junk.csv', 'plot_forecast': False, 'save_plot': True, 'data_filepath': '../data/combined_water_data.csv', 'run_dir': 'exp9_base_no_reg', 'optimize_regressor_selection': True, 'min_regressors': 2, 'max_regressors': 10, 'regressors': {'ramadan_month_regressor': True, 'eid_alfitr_month_regressor': True, 'eid_aladha_month_regressor': True, 'fridays_per_month_regressor': True, 'temperature_regressor': True, 'temp_anomaly_regressor': True, 'humidity_regressor': True, 'rainfall_regressor': True, 'month_sin_regressor': True, 'month_cos_regressor': True, 'month_sin2_regressor': False, 'month_cos2_regressor': False, 'winter_regressor': True, 'spring_regressor': True, 'summer_regressor': True, 'fall_regressor': True, 'years_since_start_regressor': True, 'years_since_start_squared_regressor': True, 'years_since_start_power1_5_regressor': False, 'years_since_start_log_regressor': False, 'years_since_halfway_regressor': False, 'multi_year_cycle_regressor': False, 'cumulative_rainfall_regressor': False, 'temp_trend_interaction_regressor': False, 'y_ma3_regressor': True, 'y_ma6_regressor': False, 'y_ma12_regressor': False, 'y_ewma3_regressor': True, 'y_ewma6_regressor': False, 'y_std3_regressor': False, 'y_std6_regressor': False, 'y_std12_regressor': False}}"
2025-07-15 00:42:41,10,additive,0.5099110437954573,4.989192171956951,3,100,iqr,interpolate,1,1.6666666666666667,0,1066.385666052928,1184.0884452383973,7.250775909428965,0.6029996667928441,0.6754085447247264,"{'mae': 1066.385666052928, 'rmse': 1184.0884452383973, 'mape': 7.250775909428965, 'mase': 0.6029996667928441, 'mase_seas': 0.6754085447247264}",12,[],"{'comment': '', 'area_id': 10, 'test_size': 12, 'valid_size': 10, 'impute_thresh': None, 'impute_method': 'linear', 'outlier_detection': 'iqr', 'outlier_treatment': 'interpolate', 'auto_outlier_methods': False, 'n_trials': 100, 'optimize': True, 'changepoint_prior_scale': [0.001, 0.6], 'seasonality_prior_scale': [0.01, 5], 'seasonality_mode': ['additive', 'multiplicative'], 'n_changepoints': [5, 20], 'fourier_order': [1, 10], 'add_regressors': False, 'top_regressors': 3, 'cv_folds': 0, 'early_stopping_patience': 40, 'n_jobs': -1, 'cv_repeats': 2, 'n_bootstrap': 10, 'random_state': 42, 'log_experiment_results': True, 'log_filepath': 'junk.csv', 'plot_forecast': False, 'save_plot': True, 'data_filepath': '../data/combined_water_data.csv', 'run_dir': 'exp9_base_no_reg', 'optimize_regressor_selection': True, 'min_regressors': 2, 'max_regressors': 10, 'regressors': {'ramadan_month_regressor': True, 'eid_alfitr_month_regressor': True, 'eid_aladha_month_regressor': True, 'fridays_per_month_regressor': True, 'temperature_regressor': True, 'temp_anomaly_regressor': True, 'humidity_regressor': True, 'rainfall_regressor': True, 'month_sin_regressor': True, 'month_cos_regressor': True, 'month_sin2_regressor': False, 'month_cos2_regressor': False, 'winter_regressor': True, 'spring_regressor': True, 'summer_regressor': True, 'fall_regressor': True, 'years_since_start_regressor': True, 'years_since_start_squared_regressor': True, 'years_since_start_power1_5_regressor': False, 'years_since_start_log_regressor': False, 'years_since_halfway_regressor': False, 'multi_year_cycle_regressor': False, 'cumulative_rainfall_regressor': False, 'temp_trend_interaction_regressor': False, 'y_ma3_regressor': True, 'y_ma6_regressor': False, 'y_ma12_regressor': False, 'y_ewma3_regressor': True, 'y_ewma6_regressor': False, 'y_std3_regressor': False, 'y_std6_regressor': False, 'y_std12_regressor': False}}"
2025-07-15 00:43:10,11,multiplicative,0.22084982389270558,3.2754075422640225,4,97,iqr,interpolate,5,8.333333333333332,5,674.1948314207451,791.6955101547202,6.500795758194207,0.7365337984467254,0.708304962045973,"{'mae': 674.1948314207451, 'rmse': 791.6955101547202, 'mape': 6.500795758194207, 'mase': 0.7365337984467254, 'mase_seas': 0.708304962045973}",12,[],"{'comment': '', 'area_id': 11, 'test_size': 12, 'valid_size': 10, 'impute_thresh': None, 'impute_method': 'linear', 'outlier_detection': 'iqr', 'outlier_treatment': 'interpolate', 'auto_outlier_methods': False, 'n_trials': 100, 'optimize': True, 'changepoint_prior_scale': [0.001, 0.6], 'seasonality_prior_scale': [0.01, 5], 'seasonality_mode': ['additive', 'multiplicative'], 'n_changepoints': [5, 20], 'fourier_order': [1, 10], 'add_regressors': False, 'top_regressors': 3, 'cv_folds': 0, 'early_stopping_patience': 40, 'n_jobs': -1, 'cv_repeats': 2, 'n_bootstrap': 10, 'random_state': 42, 'log_experiment_results': True, 'log_filepath': 'junk.csv', 'plot_forecast': False, 'save_plot': True, 'data_filepath': '../data/combined_water_data.csv', 'run_dir': 'exp9_base_no_reg', 'optimize_regressor_selection': True, 'min_regressors': 2, 'max_regressors': 10, 'regressors': {'ramadan_month_regressor': True, 'eid_alfitr_month_regressor': True, 'eid_aladha_month_regressor': True, 'fridays_per_month_regressor': True, 'temperature_regressor': True, 'temp_anomaly_regressor': True, 'humidity_regressor': True, 'rainfall_regressor': True, 'month_sin_regressor': True, 'month_cos_regressor': True, 'month_sin2_regressor': False, 'month_cos2_regressor': False, 'winter_regressor': True, 'spring_regressor': True, 'summer_regressor': True, 'fall_regressor': True, 'years_since_start_regressor': True, 'years_since_start_squared_regressor': True, 'years_since_start_power1_5_regressor': False, 'years_since_start_log_regressor': False, 'years_since_halfway_regressor': False, 'multi_year_cycle_regressor': False, 'cumulative_rainfall_regressor': False, 'temp_trend_interaction_regressor': False, 'y_ma3_regressor': True, 'y_ma6_regressor': False, 'y_ma12_regressor': False, 'y_ewma3_regressor': True, 'y_ewma6_regressor': False, 'y_std3_regressor': False, 'y_std6_regressor': False, 'y_std12_regressor': False}}"
2025-07-15 00:43:37,12,multiplicative,0.3810939642621797,2.4664637038048842,1,100,,,0,0.0,8,762.0131584096138,931.9597221338548,8.831589927892393,0.7579973850293519,0.5338199556855918,"{'mae': 762.0131584096138, 'rmse': 931.9597221338548, 'mape': 8.831589927892393, 'mase': 0.7579973850293519, 'mase_seas': 0.5338199556855918}",12,[],"{'comment': '', 'area_id': 12, 'test_size': 12, 'valid_size': 10, 'impute_thresh': None, 'impute_method': 'linear', 'outlier_detection': 'iqr', 'outlier_treatment': 'interpolate', 'auto_outlier_methods': False, 'n_trials': 100, 'optimize': True, 'changepoint_prior_scale': [0.001, 0.6], 'seasonality_prior_scale': [0.01, 5], 'seasonality_mode': ['additive', 'multiplicative'], 'n_changepoints': [5, 20], 'fourier_order': [1, 10], 'add_regressors': False, 'top_regressors': 3, 'cv_folds': 0, 'early_stopping_patience': 40, 'n_jobs': -1, 'cv_repeats': 2, 'n_bootstrap': 10, 'random_state': 42, 'log_experiment_results': True, 'log_filepath': 'junk.csv', 'plot_forecast': False, 'save_plot': True, 'data_filepath': '../data/combined_water_data.csv', 'run_dir': 'exp9_base_no_reg', 'optimize_regressor_selection': True, 'min_regressors': 2, 'max_regressors': 10, 'regressors': {'ramadan_month_regressor': True, 'eid_alfitr_month_regressor': True, 'eid_aladha_month_regressor': True, 'fridays_per_month_regressor': True, 'temperature_regressor': True, 'temp_anomaly_regressor': True, 'humidity_regressor': True, 'rainfall_regressor': True, 'month_sin_regressor': True, 'month_cos_regressor': True, 'month_sin2_regressor': False, 'month_cos2_regressor': False, 'winter_regressor': True, 'spring_regressor': True, 'summer_regressor': True, 'fall_regressor': True, 'years_since_start_regressor': True, 'years_since_start_squared_regressor': True, 'years_since_start_power1_5_regressor': False, 'years_since_start_log_regressor': False, 'years_since_halfway_regressor': False, 'multi_year_cycle_regressor': False, 'cumulative_rainfall_regressor': False, 'temp_trend_interaction_regressor': False, 'y_ma3_regressor': True, 'y_ma6_regressor': False, 'y_ma12_regressor': False, 'y_ewma3_regressor': True, 'y_ewma6_regressor': False, 'y_std3_regressor': False, 'y_std6_regressor': False, 'y_std12_regressor': False}}"
2025-07-15 00:43:59,13,additive,0.2706001438843244,0.9385230879916358,2,52,iqr,interpolate,3,5.0,5,1087.253346699887,1340.8634945500003,7.79741387428264,0.7368445630905782,0.5916846124255447,"{'mae': 1087.253346699887, 'rmse': 1340.8634945500003, 'mape': 7.79741387428264, 'mase': 0.7368445630905782, 'mase_seas': 0.5916846124255447}",12,[],"{'comment': '', 'area_id': 13, 'test_size': 12, 'valid_size': 10, 'impute_thresh': None, 'impute_method': 'linear', 'outlier_detection': 'iqr', 'outlier_treatment': 'interpolate', 'auto_outlier_methods': False, 'n_trials': 100, 'optimize': True, 'changepoint_prior_scale': [0.001, 0.6], 'seasonality_prior_scale': [0.01, 5], 'seasonality_mode': ['additive', 'multiplicative'], 'n_changepoints': [5, 20], 'fourier_order': [1, 10], 'add_regressors': False, 'top_regressors': 3, 'cv_folds': 0, 'early_stopping_patience': 40, 'n_jobs': -1, 'cv_repeats': 2, 'n_bootstrap': 10, 'random_state': 42, 'log_experiment_results': True, 'log_filepath': 'junk.csv', 'plot_forecast': False, 'save_plot': True, 'data_filepath': '../data/combined_water_data.csv', 'run_dir': 'exp9_base_no_reg', 'optimize_regressor_selection': True, 'min_regressors': 2, 'max_regressors': 10, 'regressors': {'ramadan_month_regressor': True, 'eid_alfitr_month_regressor': True, 'eid_aladha_month_regressor': True, 'fridays_per_month_regressor': True, 'temperature_regressor': True, 'temp_anomaly_regressor': True, 'humidity_regressor': True, 'rainfall_regressor': True, 'month_sin_regressor': True, 'month_cos_regressor': True, 'month_sin2_regressor': False, 'month_cos2_regressor': False, 'winter_regressor': True, 'spring_regressor': True, 'summer_regressor': True, 'fall_regressor': True, 'years_since_start_regressor': True, 'years_since_start_squared_regressor': True, 'years_since_start_power1_5_regressor': False, 'years_since_start_log_regressor': False, 'years_since_halfway_regressor': False, 'multi_year_cycle_regressor': False, 'cumulative_rainfall_regressor': False, 'temp_trend_interaction_regressor': False, 'y_ma3_regressor': True, 'y_ma6_regressor': False, 'y_ma12_regressor': False, 'y_ewma3_regressor': True, 'y_ewma6_regressor': False, 'y_std3_regressor': False, 'y_std6_regressor': False, 'y_std12_regressor': False}}"
2025-07-15 00:44:25,14,additive,0.5229038647485592,2.3359750813460773,2,100,,,0,0.0,3,1643.2825873700247,1910.5272611247722,12.293630488782085,0.733566491332097,0.598524617010313,"{'mae': 1643.2825873700247, 'rmse': 1910.5272611247722, 'mape': 12.293630488782085, 'mase': 0.733566491332097, 'mase_seas': 0.598524617010313}",12,[],"{'comment': '', 'area_id': 14, 'test_size': 12, 'valid_size': 10, 'impute_thresh': None, 'impute_method': 'linear', 'outlier_detection': 'iqr', 'outlier_treatment': 'interpolate', 'auto_outlier_methods': False, 'n_trials': 100, 'optimize': True, 'changepoint_prior_scale': [0.001, 0.6], 'seasonality_prior_scale': [0.01, 5], 'seasonality_mode': ['additive', 'multiplicative'], 'n_changepoints': [5, 20], 'fourier_order': [1, 10], 'add_regressors': False, 'top_regressors': 3, 'cv_folds': 0, 'early_stopping_patience': 40, 'n_jobs': -1, 'cv_repeats': 2, 'n_bootstrap': 10, 'random_state': 42, 'log_experiment_results': True, 'log_filepath': 'junk.csv', 'plot_forecast': False, 'save_plot': True, 'data_filepath': '../data/combined_water_data.csv', 'run_dir': 'exp9_base_no_reg', 'optimize_regressor_selection': True, 'min_regressors': 2, 'max_regressors': 10, 'regressors': {'ramadan_month_regressor': True, 'eid_alfitr_month_regressor': True, 'eid_aladha_month_regressor': True, 'fridays_per_month_regressor': True, 'temperature_regressor': True, 'temp_anomaly_regressor': True, 'humidity_regressor': True, 'rainfall_regressor': True, 'month_sin_regressor': True, 'month_cos_regressor': True, 'month_sin2_regressor': False, 'month_cos2_regressor': False, 'winter_regressor': True, 'spring_regressor': True, 'summer_regressor': True, 'fall_regressor': True, 'years_since_start_regressor': True, 'years_since_start_squared_regressor': True, 'years_since_start_power1_5_regressor': False, 'years_since_start_log_regressor': False, 'years_since_halfway_regressor': False, 'multi_year_cycle_regressor': False, 'cumulative_rainfall_regressor': False, 'temp_trend_interaction_regressor': False, 'y_ma3_regressor': True, 'y_ma6_regressor': False, 'y_ma12_regressor': False, 'y_ewma3_regressor': True, 'y_ewma6_regressor': False, 'y_std3_regressor': False, 'y_std6_regressor': False, 'y_std12_regressor': False}}"
2025-07-15 00:44:48,15,multiplicative,0.4476283973270298,4.025115505590217,1,66,,,0,0.0,0,2976.5236632344186,3394.7795547373294,8.946056314196348,0.7753468759360513,0.7349794014555747,"{'mae': 2976.5236632344186, 'rmse': 3394.7795547373294, 'mape': 8.946056314196348, 'mase': 0.7753468759360513, 'mase_seas': 0.7349794014555747}",12,[],"{'comment': '', 'area_id': 15, 'test_size': 12, 'valid_size': 10, 'impute_thresh': None, 'impute_method': 'linear', 'outlier_detection': 'iqr', 'outlier_treatment': 'interpolate', 'auto_outlier_methods': False, 'n_trials': 100, 'optimize': True, 'changepoint_prior_scale': [0.001, 0.6], 'seasonality_prior_scale': [0.01, 5], 'seasonality_mode': ['additive', 'multiplicative'], 'n_changepoints': [5, 20], 'fourier_order': [1, 10], 'add_regressors': False, 'top_regressors': 3, 'cv_folds': 0, 'early_stopping_patience': 40, 'n_jobs': -1, 'cv_repeats': 2, 'n_bootstrap': 10, 'random_state': 42, 'log_experiment_results': True, 'log_filepath': 'junk.csv', 'plot_forecast': False, 'save_plot': True, 'data_filepath': '../data/combined_water_data.csv', 'run_dir': 'exp9_base_no_reg', 'optimize_regressor_selection': True, 'min_regressors': 2, 'max_regressors': 10, 'regressors': {'ramadan_month_regressor': True, 'eid_alfitr_month_regressor': True, 'eid_aladha_month_regressor': True, 'fridays_per_month_regressor': True, 'temperature_regressor': True, 'temp_anomaly_regressor': True, 'humidity_regressor': True, 'rainfall_regressor': True, 'month_sin_regressor': True, 'month_cos_regressor': True, 'month_sin2_regressor': False, 'month_cos2_regressor': False, 'winter_regressor': True, 'spring_regressor': True, 'summer_regressor': True, 'fall_regressor': True, 'years_since_start_regressor': True, 'years_since_start_squared_regressor': True, 'years_since_start_power1_5_regressor': False, 'years_since_start_log_regressor': False, 'years_since_halfway_regressor': False, 'multi_year_cycle_regressor': False, 'cumulative_rainfall_regressor': False, 'temp_trend_interaction_regressor': False, 'y_ma3_regressor': True, 'y_ma6_regressor': False, 'y_ma12_regressor': False, 'y_ewma3_regressor': True, 'y_ewma6_regressor': False, 'y_std3_regressor': False, 'y_std6_regressor': False, 'y_std12_regressor': False}}"
2025-07-15 00:45:15,16,multiplicative,0.5238223238727313,3.8854054492269685,1,100,iqr,interpolate,3,5.0,0,1554.2282960983187,1868.37567229378,15.03361291632291,0.986678326691713,0.8869127096844419,"{'mae': 1554.2282960983187, 'rmse': 1868.37567229378, 'mape': 15.03361291632291, 'mase': 0.986678326691713, 'mase_seas': 0.8869127096844419}",12,[],"{'comment': '', 'area_id': 16, 'test_size': 12, 'valid_size': 10, 'impute_thresh': None, 'impute_method': 'linear', 'outlier_detection': 'iqr', 'outlier_treatment': 'interpolate', 'auto_outlier_methods': False, 'n_trials': 100, 'optimize': True, 'changepoint_prior_scale': [0.001, 0.6], 'seasonality_prior_scale': [0.01, 5], 'seasonality_mode': ['additive', 'multiplicative'], 'n_changepoints': [5, 20], 'fourier_order': [1, 10], 'add_regressors': False, 'top_regressors': 3, 'cv_folds': 0, 'early_stopping_patience': 40, 'n_jobs': -1, 'cv_repeats': 2, 'n_bootstrap': 10, 'random_state': 42, 'log_experiment_results': True, 'log_filepath': 'junk.csv', 'plot_forecast': False, 'save_plot': True, 'data_filepath': '../data/combined_water_data.csv', 'run_dir': 'exp9_base_no_reg', 'optimize_regressor_selection': True, 'min_regressors': 2, 'max_regressors': 10, 'regressors': {'ramadan_month_regressor': True, 'eid_alfitr_month_regressor': True, 'eid_aladha_month_regressor': True, 'fridays_per_month_regressor': True, 'temperature_regressor': True, 'temp_anomaly_regressor': True, 'humidity_regressor': True, 'rainfall_regressor': True, 'month_sin_regressor': True, 'month_cos_regressor': True, 'month_sin2_regressor': False, 'month_cos2_regressor': False, 'winter_regressor': True, 'spring_regressor': True, 'summer_regressor': True, 'fall_regressor': True, 'years_since_start_regressor': True, 'years_since_start_squared_regressor': True, 'years_since_start_power1_5_regressor': False, 'years_since_start_log_regressor': False, 'years_since_halfway_regressor': False, 'multi_year_cycle_regressor': False, 'cumulative_rainfall_regressor': False, 'temp_trend_interaction_regressor': False, 'y_ma3_regressor': True, 'y_ma6_regressor': False, 'y_ma12_regressor': False, 'y_ewma3_regressor': True, 'y_ewma6_regressor': False, 'y_std3_regressor': False, 'y_std6_regressor': False, 'y_std12_regressor': False}}"
2025-07-15 00:45:42,17,additive,0.40986164081230664,0.011096391093956104,2,100,,,0,0.0,0,2620.1417831228096,3011.6643227113236,10.00972000288165,0.48663414634894786,0.4280849960171267,"{'mae': 2620.1417831228096, 'rmse': 3011.6643227113236, 'mape': 10.00972000288165, 'mase': 0.48663414634894786, 'mase_seas': 0.4280849960171267}",12,[],"{'comment': '', 'area_id': 17, 'test_size': 12, 'valid_size': 10, 'impute_thresh': None, 'impute_method': 'linear', 'outlier_detection': 'iqr', 'outlier_treatment': 'interpolate', 'auto_outlier_methods': False, 'n_trials': 100, 'optimize': True, 'changepoint_prior_scale': [0.001, 0.6], 'seasonality_prior_scale': [0.01, 5], 'seasonality_mode': ['additive', 'multiplicative'], 'n_changepoints': [5, 20], 'fourier_order': [1, 10], 'add_regressors': False, 'top_regressors': 3, 'cv_folds': 0, 'early_stopping_patience': 40, 'n_jobs': -1, 'cv_repeats': 2, 'n_bootstrap': 10, 'random_state': 42, 'log_experiment_results': True, 'log_filepath': 'junk.csv', 'plot_forecast': False, 'save_plot': True, 'data_filepath': '../data/combined_water_data.csv', 'run_dir': 'exp9_base_no_reg', 'optimize_regressor_selection': True, 'min_regressors': 2, 'max_regressors': 10, 'regressors': {'ramadan_month_regressor': True, 'eid_alfitr_month_regressor': True, 'eid_aladha_month_regressor': True, 'fridays_per_month_regressor': True, 'temperature_regressor': True, 'temp_anomaly_regressor': True, 'humidity_regressor': True, 'rainfall_regressor': True, 'month_sin_regressor': True, 'month_cos_regressor': True, 'month_sin2_regressor': False, 'month_cos2_regressor': False, 'winter_regressor': True, 'spring_regressor': True, 'summer_regressor': True, 'fall_regressor': True, 'years_since_start_regressor': True, 'years_since_start_squared_regressor': True, 'years_since_start_power1_5_regressor': False, 'years_since_start_log_regressor': False, 'years_since_halfway_regressor': False, 'multi_year_cycle_regressor': False, 'cumulative_rainfall_regressor': False, 'temp_trend_interaction_regressor': False, 'y_ma3_regressor': True, 'y_ma6_regressor': False, 'y_ma12_regressor': False, 'y_ewma3_regressor': True, 'y_ewma6_regressor': False, 'y_std3_regressor': False, 'y_std6_regressor': False, 'y_std12_regressor': False}}"
2025-07-15 00:46:07,18,additive,0.23145988713168514,4.23386156476238,1,86,iqr,interpolate,1,1.6666666666666667,0,1336.911227498296,1476.9777451813643,12.031890287914665,0.7525038944733585,0.9973641451820034,"{'mae': 1336.911227498296, 'rmse': 1476.9777451813643, 'mape': 12.031890287914665, 'mase': 0.7525038944733585, 'mase_seas': 0.9973641451820034}",12,[],"{'comment': '', 'area_id': 18, 'test_size': 12, 'valid_size': 10, 'impute_thresh': None, 'impute_method': 'linear', 'outlier_detection': 'iqr', 'outlier_treatment': 'interpolate', 'auto_outlier_methods': False, 'n_trials': 100, 'optimize': True, 'changepoint_prior_scale': [0.001, 0.6], 'seasonality_prior_scale': [0.01, 5], 'seasonality_mode': ['additive', 'multiplicative'], 'n_changepoints': [5, 20], 'fourier_order': [1, 10], 'add_regressors': False, 'top_regressors': 3, 'cv_folds': 0, 'early_stopping_patience': 40, 'n_jobs': -1, 'cv_repeats': 2, 'n_bootstrap': 10, 'random_state': 42, 'log_experiment_results': True, 'log_filepath': 'junk.csv', 'plot_forecast': False, 'save_plot': True, 'data_filepath': '../data/combined_water_data.csv', 'run_dir': 'exp9_base_no_reg', 'optimize_regressor_selection': True, 'min_regressors': 2, 'max_regressors': 10, 'regressors': {'ramadan_month_regressor': True, 'eid_alfitr_month_regressor': True, 'eid_aladha_month_regressor': True, 'fridays_per_month_regressor': True, 'temperature_regressor': True, 'temp_anomaly_regressor': True, 'humidity_regressor': True, 'rainfall_regressor': True, 'month_sin_regressor': True, 'month_cos_regressor': True, 'month_sin2_regressor': False, 'month_cos2_regressor': False, 'winter_regressor': True, 'spring_regressor': True, 'summer_regressor': True, 'fall_regressor': True, 'years_since_start_regressor': True, 'years_since_start_squared_regressor': True, 'years_since_start_power1_5_regressor': False, 'years_since_start_log_regressor': False, 'years_since_halfway_regressor': False, 'multi_year_cycle_regressor': False, 'cumulative_rainfall_regressor': False, 'temp_trend_interaction_regressor': False, 'y_ma3_regressor': True, 'y_ma6_regressor': False, 'y_ma12_regressor': False, 'y_ewma3_regressor': True, 'y_ewma6_regressor': False, 'y_std3_regressor': False, 'y_std6_regressor': False, 'y_std12_regressor': False}}"
2025-07-15 00:46:33,19,additive,0.38243215264398334,4.05402219896835,1,70,iqr,interpolate,1,1.6666666666666667,0,3742.555914111164,4103.454470583763,15.003328354340509,1.2750821152518608,1.2892892212319067,"{'mae': 3742.555914111164, 'rmse': 4103.454470583763, 'mape': 15.003328354340509, 'mase': 1.2750821152518608, 'mase_seas': 1.2892892212319067}",12,[],"{'comment': '', 'area_id': 19, 'test_size': 12, 'valid_size': 10, 'impute_thresh': None, 'impute_method': 'linear', 'outlier_detection': 'iqr', 'outlier_treatment': 'interpolate', 'auto_outlier_methods': False, 'n_trials': 100, 'optimize': True, 'changepoint_prior_scale': [0.001, 0.6], 'seasonality_prior_scale': [0.01, 5], 'seasonality_mode': ['additive', 'multiplicative'], 'n_changepoints': [5, 20], 'fourier_order': [1, 10], 'add_regressors': False, 'top_regressors': 3, 'cv_folds': 0, 'early_stopping_patience': 40, 'n_jobs': -1, 'cv_repeats': 2, 'n_bootstrap': 10, 'random_state': 42, 'log_experiment_results': True, 'log_filepath': 'junk.csv', 'plot_forecast': False, 'save_plot': True, 'data_filepath': '../data/combined_water_data.csv', 'run_dir': 'exp9_base_no_reg', 'optimize_regressor_selection': True, 'min_regressors': 2, 'max_regressors': 10, 'regressors': {'ramadan_month_regressor': True, 'eid_alfitr_month_regressor': True, 'eid_aladha_month_regressor': True, 'fridays_per_month_regressor': True, 'temperature_regressor': True, 'temp_anomaly_regressor': True, 'humidity_regressor': True, 'rainfall_regressor': True, 'month_sin_regressor': True, 'month_cos_regressor': True, 'month_sin2_regressor': False, 'month_cos2_regressor': False, 'winter_regressor': True, 'spring_regressor': True, 'summer_regressor': True, 'fall_regressor': True, 'years_since_start_regressor': True, 'years_since_start_squared_regressor': True, 'years_since_start_power1_5_regressor': False, 'years_since_start_log_regressor': False, 'years_since_halfway_regressor': False, 'multi_year_cycle_regressor': False, 'cumulative_rainfall_regressor': False, 'temp_trend_interaction_regressor': False, 'y_ma3_regressor': True, 'y_ma6_regressor': False, 'y_ma12_regressor': False, 'y_ewma3_regressor': True, 'y_ewma6_regressor': False, 'y_std3_regressor': False, 'y_std6_regressor': False, 'y_std12_regressor': False}}"
2025-07-15 00:47:00,20,additive,0.09760420575597822,3.9017275746294646,2,92,iqr,interpolate,3,5.0,0,7213.471551657753,8115.383338321071,29.30748185262116,1.5743063185634554,1.466724140838664,"{'mae': 7213.471551657753, 'rmse': 8115.383338321071, 'mape': 29.30748185262116, 'mase': 1.5743063185634554, 'mase_seas': 1.466724140838664}",12,[],"{'comment': '', 'area_id': 20, 'test_size': 12, 'valid_size': 10, 'impute_thresh': None, 'impute_method': 'linear', 'outlier_detection': 'iqr', 'outlier_treatment': 'interpolate', 'auto_outlier_methods': False, 'n_trials': 100, 'optimize': True, 'changepoint_prior_scale': [0.001, 0.6], 'seasonality_prior_scale': [0.01, 5], 'seasonality_mode': ['additive', 'multiplicative'], 'n_changepoints': [5, 20], 'fourier_order': [1, 10], 'add_regressors': False, 'top_regressors': 3, 'cv_folds': 0, 'early_stopping_patience': 40, 'n_jobs': -1, 'cv_repeats': 2, 'n_bootstrap': 10, 'random_state': 42, 'log_experiment_results': True, 'log_filepath': 'junk.csv', 'plot_forecast': False, 'save_plot': True, 'data_filepath': '../data/combined_water_data.csv', 'run_dir': 'exp9_base_no_reg', 'optimize_regressor_selection': True, 'min_regressors': 2, 'max_regressors': 10, 'regressors': {'ramadan_month_regressor': True, 'eid_alfitr_month_regressor': True, 'eid_aladha_month_regressor': True, 'fridays_per_month_regressor': True, 'temperature_regressor': True, 'temp_anomaly_regressor': True, 'humidity_regressor': True, 'rainfall_regressor': True, 'month_sin_regressor': True, 'month_cos_regressor': True, 'month_sin2_regressor': False, 'month_cos2_regressor': False, 'winter_regressor': True, 'spring_regressor': True, 'summer_regressor': True, 'fall_regressor': True, 'years_since_start_regressor': True, 'years_since_start_squared_regressor': True, 'years_since_start_power1_5_regressor': False, 'years_since_start_log_regressor': False, 'years_since_halfway_regressor': False, 'multi_year_cycle_regressor': False, 'cumulative_rainfall_regressor': False, 'temp_trend_interaction_regressor': False, 'y_ma3_regressor': True, 'y_ma6_regressor': False, 'y_ma12_regressor': False, 'y_ewma3_regressor': True, 'y_ewma6_regressor': False, 'y_std3_regressor': False, 'y_std6_regressor': False, 'y_std12_regressor': False}}"
2025-07-15 00:47:27,21,multiplicative,0.25284425093340823,1.1809348943826354,1,75,iqr,interpolate,1,1.6666666666666667,0,1559.675727052024,1874.0181661475126,9.489929821734194,1.0046564677783203,1.16145721560166,"{'mae': 1559.675727052024, 'rmse': 1874.0181661475126, 'mape': 9.489929821734194, 'mase': 1.0046564677783203, 'mase_seas': 1.16145721560166}",12,[],"{'comment': '', 'area_id': 21, 'test_size': 12, 'valid_size': 10, 'impute_thresh': None, 'impute_method': 'linear', 'outlier_detection': 'iqr', 'outlier_treatment': 'interpolate', 'auto_outlier_methods': False, 'n_trials': 100, 'optimize': True, 'changepoint_prior_scale': [0.001, 0.6], 'seasonality_prior_scale': [0.01, 5], 'seasonality_mode': ['additive', 'multiplicative'], 'n_changepoints': [5, 20], 'fourier_order': [1, 10], 'add_regressors': False, 'top_regressors': 3, 'cv_folds': 0, 'early_stopping_patience': 40, 'n_jobs': -1, 'cv_repeats': 2, 'n_bootstrap': 10, 'random_state': 42, 'log_experiment_results': True, 'log_filepath': 'junk.csv', 'plot_forecast': False, 'save_plot': True, 'data_filepath': '../data/combined_water_data.csv', 'run_dir': 'exp9_base_no_reg', 'optimize_regressor_selection': True, 'min_regressors': 2, 'max_regressors': 10, 'regressors': {'ramadan_month_regressor': True, 'eid_alfitr_month_regressor': True, 'eid_aladha_month_regressor': True, 'fridays_per_month_regressor': True, 'temperature_regressor': True, 'temp_anomaly_regressor': True, 'humidity_regressor': True, 'rainfall_regressor': True, 'month_sin_regressor': True, 'month_cos_regressor': True, 'month_sin2_regressor': False, 'month_cos2_regressor': False, 'winter_regressor': True, 'spring_regressor': True, 'summer_regressor': True, 'fall_regressor': True, 'years_since_start_regressor': True, 'years_since_start_squared_regressor': True, 'years_since_start_power1_5_regressor': False, 'years_since_start_log_regressor': False, 'years_since_halfway_regressor': False, 'multi_year_cycle_regressor': False, 'cumulative_rainfall_regressor': False, 'temp_trend_interaction_regressor': False, 'y_ma3_regressor': True, 'y_ma6_regressor': False, 'y_ma12_regressor': False, 'y_ewma3_regressor': True, 'y_ewma6_regressor': False, 'y_std3_regressor': False, 'y_std6_regressor': False, 'y_std12_regressor': False}}"
2025-07-15 00:47:53,22,additive,0.24258641883781784,2.0374051667596906,1,86,iqr,interpolate,1,1.6666666666666667,0,727.2472711380245,827.3361727204715,10.107837879271107,1.1723357711444353,0.8549982613545639,"{'mae': 727.2472711380245, 'rmse': 827.3361727204715, 'mape': 10.107837879271107, 'mase': 1.1723357711444353, 'mase_seas': 0.8549982613545639}",12,[],"{'comment': '', 'area_id': 22, 'test_size': 12, 'valid_size': 10, 'impute_thresh': None, 'impute_method': 'linear', 'outlier_detection': 'iqr', 'outlier_treatment': 'interpolate', 'auto_outlier_methods': False, 'n_trials': 100, 'optimize': True, 'changepoint_prior_scale': [0.001, 0.6], 'seasonality_prior_scale': [0.01, 5], 'seasonality_mode': ['additive', 'multiplicative'], 'n_changepoints': [5, 20], 'fourier_order': [1, 10], 'add_regressors': False, 'top_regressors': 3, 'cv_folds': 0, 'early_stopping_patience': 40, 'n_jobs': -1, 'cv_repeats': 2, 'n_bootstrap': 10, 'random_state': 42, 'log_experiment_results': True, 'log_filepath': 'junk.csv', 'plot_forecast': False, 'save_plot': True, 'data_filepath': '../data/combined_water_data.csv', 'run_dir': 'exp9_base_no_reg', 'optimize_regressor_selection': True, 'min_regressors': 2, 'max_regressors': 10, 'regressors': {'ramadan_month_regressor': True, 'eid_alfitr_month_regressor': True, 'eid_aladha_month_regressor': True, 'fridays_per_month_regressor': True, 'temperature_regressor': True, 'temp_anomaly_regressor': True, 'humidity_regressor': True, 'rainfall_regressor': True, 'month_sin_regressor': True, 'month_cos_regressor': True, 'month_sin2_regressor': False, 'month_cos2_regressor': False, 'winter_regressor': True, 'spring_regressor': True, 'summer_regressor': True, 'fall_regressor': True, 'years_since_start_regressor': True, 'years_since_start_squared_regressor': True, 'years_since_start_power1_5_regressor': False, 'years_since_start_log_regressor': False, 'years_since_halfway_regressor': False, 'multi_year_cycle_regressor': False, 'cumulative_rainfall_regressor': False, 'temp_trend_interaction_regressor': False, 'y_ma3_regressor': True, 'y_ma6_regressor': False, 'y_ma12_regressor': False, 'y_ewma3_regressor': True, 'y_ewma6_regressor': False, 'y_std3_regressor': False, 'y_std6_regressor': False, 'y_std12_regressor': False}}"
2025-07-15 00:48:22,23,additive,0.5963380089773953,1.7953341215816028,1,86,,,0,0.0,0,314.07957141888534,355.7974738062396,8.883954106534835,0.9287617878877319,0.9408274730442672,"{'mae': 314.07957141888534, 'rmse': 355.7974738062396, 'mape': 8.883954106534835, 'mase': 0.9287617878877319, 'mase_seas': 0.9408274730442672}",12,[],"{'comment': '', 'area_id': 23, 'test_size': 12, 'valid_size': 10, 'impute_thresh': None, 'impute_method': 'linear', 'outlier_detection': 'iqr', 'outlier_treatment': 'interpolate', 'auto_outlier_methods': False, 'n_trials': 100, 'optimize': True, 'changepoint_prior_scale': [0.001, 0.6], 'seasonality_prior_scale': [0.01, 5], 'seasonality_mode': ['additive', 'multiplicative'], 'n_changepoints': [5, 20], 'fourier_order': [1, 10], 'add_regressors': False, 'top_regressors': 3, 'cv_folds': 0, 'early_stopping_patience': 40, 'n_jobs': -1, 'cv_repeats': 2, 'n_bootstrap': 10, 'random_state': 42, 'log_experiment_results': True, 'log_filepath': 'junk.csv', 'plot_forecast': False, 'save_plot': True, 'data_filepath': '../data/combined_water_data.csv', 'run_dir': 'exp9_base_no_reg', 'optimize_regressor_selection': True, 'min_regressors': 2, 'max_regressors': 10, 'regressors': {'ramadan_month_regressor': True, 'eid_alfitr_month_regressor': True, 'eid_aladha_month_regressor': True, 'fridays_per_month_regressor': True, 'temperature_regressor': True, 'temp_anomaly_regressor': True, 'humidity_regressor': True, 'rainfall_regressor': True, 'month_sin_regressor': True, 'month_cos_regressor': True, 'month_sin2_regressor': False, 'month_cos2_regressor': False, 'winter_regressor': True, 'spring_regressor': True, 'summer_regressor': True, 'fall_regressor': True, 'years_since_start_regressor': True, 'years_since_start_squared_regressor': True, 'years_since_start_power1_5_regressor': False, 'years_since_start_log_regressor': False, 'years_since_halfway_regressor': False, 'multi_year_cycle_regressor': False, 'cumulative_rainfall_regressor': False, 'temp_trend_interaction_regressor': False, 'y_ma3_regressor': True, 'y_ma6_regressor': False, 'y_ma12_regressor': False, 'y_ewma3_regressor': True, 'y_ewma6_regressor': False, 'y_std3_regressor': False, 'y_std6_regressor': False, 'y_std12_regressor': False}}"
2025-07-15 00:48:47,24,additive,0.21444892708178592,1.8596887725314737,1,72,iqr,interpolate,1,1.6666666666666667,0,857.2682115162188,1203.938248947306,6.33902565011885,0.6143886236849997,0.4748896796985056,"{'mae': 857.2682115162188, 'rmse': 1203.938248947306, 'mape': 6.33902565011885, 'mase': 0.6143886236849997, 'mase_seas': 0.4748896796985056}",12,[],"{'comment': '', 'area_id': 24, 'test_size': 12, 'valid_size': 10, 'impute_thresh': None, 'impute_method': 'linear', 'outlier_detection': 'iqr', 'outlier_treatment': 'interpolate', 'auto_outlier_methods': False, 'n_trials': 100, 'optimize': True, 'changepoint_prior_scale': [0.001, 0.6], 'seasonality_prior_scale': [0.01, 5], 'seasonality_mode': ['additive', 'multiplicative'], 'n_changepoints': [5, 20], 'fourier_order': [1, 10], 'add_regressors': False, 'top_regressors': 3, 'cv_folds': 0, 'early_stopping_patience': 40, 'n_jobs': -1, 'cv_repeats': 2, 'n_bootstrap': 10, 'random_state': 42, 'log_experiment_results': True, 'log_filepath': 'junk.csv', 'plot_forecast': False, 'save_plot': True, 'data_filepath': '../data/combined_water_data.csv', 'run_dir': 'exp9_base_no_reg', 'optimize_regressor_selection': True, 'min_regressors': 2, 'max_regressors': 10, 'regressors': {'ramadan_month_regressor': True, 'eid_alfitr_month_regressor': True, 'eid_aladha_month_regressor': True, 'fridays_per_month_regressor': True, 'temperature_regressor': True, 'temp_anomaly_regressor': True, 'humidity_regressor': True, 'rainfall_regressor': True, 'month_sin_regressor': True, 'month_cos_regressor': True, 'month_sin2_regressor': False, 'month_cos2_regressor': False, 'winter_regressor': True, 'spring_regressor': True, 'summer_regressor': True, 'fall_regressor': True, 'years_since_start_regressor': True, 'years_since_start_squared_regressor': True, 'years_since_start_power1_5_regressor': False, 'years_since_start_log_regressor': False, 'years_since_halfway_regressor': False, 'multi_year_cycle_regressor': False, 'cumulative_rainfall_regressor': False, 'temp_trend_interaction_regressor': False, 'y_ma3_regressor': True, 'y_ma6_regressor': False, 'y_ma12_regressor': False, 'y_ewma3_regressor': True, 'y_ewma6_regressor': False, 'y_std3_regressor': False, 'y_std6_regressor': False, 'y_std12_regressor': False}}"
2025-07-15 00:49:12,25,additive,0.22193462116722074,3.660267237602038,1,79,iqr,interpolate,12,20.0,0,1918.904280249895,2520.9655753264133,10.100810940805726,0.5266635590630095,0.9003187072549337,"{'mae': 1918.904280249895, 'rmse': 2520.9655753264133, 'mape': 10.100810940805726, 'mase': 0.5266635590630095, 'mase_seas': 0.9003187072549337}",12,[],"{'comment': '', 'area_id': 25, 'test_size': 12, 'valid_size': 10, 'impute_thresh': None, 'impute_method': 'linear', 'outlier_detection': 'iqr', 'outlier_treatment': 'interpolate', 'auto_outlier_methods': False, 'n_trials': 100, 'optimize': True, 'changepoint_prior_scale': [0.001, 0.6], 'seasonality_prior_scale': [0.01, 5], 'seasonality_mode': ['additive', 'multiplicative'], 'n_changepoints': [5, 20], 'fourier_order': [1, 10], 'add_regressors': False, 'top_regressors': 3, 'cv_folds': 0, 'early_stopping_patience': 40, 'n_jobs': -1, 'cv_repeats': 2, 'n_bootstrap': 10, 'random_state': 42, 'log_experiment_results': True, 'log_filepath': 'junk.csv', 'plot_forecast': False, 'save_plot': True, 'data_filepath': '../data/combined_water_data.csv', 'run_dir': 'exp9_base_no_reg', 'optimize_regressor_selection': True, 'min_regressors': 2, 'max_regressors': 10, 'regressors': {'ramadan_month_regressor': True, 'eid_alfitr_month_regressor': True, 'eid_aladha_month_regressor': True, 'fridays_per_month_regressor': True, 'temperature_regressor': True, 'temp_anomaly_regressor': True, 'humidity_regressor': True, 'rainfall_regressor': True, 'month_sin_regressor': True, 'month_cos_regressor': True, 'month_sin2_regressor': False, 'month_cos2_regressor': False, 'winter_regressor': True, 'spring_regressor': True, 'summer_regressor': True, 'fall_regressor': True, 'years_since_start_regressor': True, 'years_since_start_squared_regressor': True, 'years_since_start_power1_5_regressor': False, 'years_since_start_log_regressor': False, 'years_since_halfway_regressor': False, 'multi_year_cycle_regressor': False, 'cumulative_rainfall_regressor': False, 'temp_trend_interaction_regressor': False, 'y_ma3_regressor': True, 'y_ma6_regressor': False, 'y_ma12_regressor': False, 'y_ewma3_regressor': True, 'y_ewma6_regressor': False, 'y_std3_regressor': False, 'y_std6_regressor': False, 'y_std12_regressor': False}}"
2025-07-15 00:49:37,26,additive,0.11154943964333233,0.0167729761179789,1,76,iqr,interpolate,6,10.0,0,3499.367903240067,4122.170871570209,11.590124160411762,1.345635438349627,1.6286756154413897,"{'mae': 3499.367903240067, 'rmse': 4122.170871570209, 'mape': 11.590124160411762, 'mase': 1.345635438349627, 'mase_seas': 1.6286756154413897}",12,[],"{'comment': '', 'area_id': 26, 'test_size': 12, 'valid_size': 10, 'impute_thresh': None, 'impute_method': 'linear', 'outlier_detection': 'iqr', 'outlier_treatment': 'interpolate', 'auto_outlier_methods': False, 'n_trials': 100, 'optimize': True, 'changepoint_prior_scale': [0.001, 0.6], 'seasonality_prior_scale': [0.01, 5], 'seasonality_mode': ['additive', 'multiplicative'], 'n_changepoints': [5, 20], 'fourier_order': [1, 10], 'add_regressors': False, 'top_regressors': 3, 'cv_folds': 0, 'early_stopping_patience': 40, 'n_jobs': -1, 'cv_repeats': 2, 'n_bootstrap': 10, 'random_state': 42, 'log_experiment_results': True, 'log_filepath': 'junk.csv', 'plot_forecast': False, 'save_plot': True, 'data_filepath': '../data/combined_water_data.csv', 'run_dir': 'exp9_base_no_reg', 'optimize_regressor_selection': True, 'min_regressors': 2, 'max_regressors': 10, 'regressors': {'ramadan_month_regressor': True, 'eid_alfitr_month_regressor': True, 'eid_aladha_month_regressor': True, 'fridays_per_month_regressor': True, 'temperature_regressor': True, 'temp_anomaly_regressor': True, 'humidity_regressor': True, 'rainfall_regressor': True, 'month_sin_regressor': True, 'month_cos_regressor': True, 'month_sin2_regressor': False, 'month_cos2_regressor': False, 'winter_regressor': True, 'spring_regressor': True, 'summer_regressor': True, 'fall_regressor': True, 'years_since_start_regressor': True, 'years_since_start_squared_regressor': True, 'years_since_start_power1_5_regressor': False, 'years_since_start_log_regressor': False, 'years_since_halfway_regressor': False, 'multi_year_cycle_regressor': False, 'cumulative_rainfall_regressor': False, 'temp_trend_interaction_regressor': False, 'y_ma3_regressor': True, 'y_ma6_regressor': False, 'y_ma12_regressor': False, 'y_ewma3_regressor': True, 'y_ewma6_regressor': False, 'y_std3_regressor': False, 'y_std6_regressor': False, 'y_std12_regressor': False}}"
2025-07-15 00:50:03,27,additive,0.3802812357925526,0.017719425429321256,3,79,iqr,interpolate,5,8.333333333333332,1,867.5092048175133,1160.1088675940732,7.107939846748352,0.6306913226460699,0.663656155667614,"{'mae': 867.5092048175133, 'rmse': 1160.1088675940732, 'mape': 7.107939846748352, 'mase': 0.6306913226460699, 'mase_seas': 0.663656155667614}",12,[],"{'comment': '', 'area_id': 27, 'test_size': 12, 'valid_size': 10, 'impute_thresh': None, 'impute_method': 'linear', 'outlier_detection': 'iqr', 'outlier_treatment': 'interpolate', 'auto_outlier_methods': False, 'n_trials': 100, 'optimize': True, 'changepoint_prior_scale': [0.001, 0.6], 'seasonality_prior_scale': [0.01, 5], 'seasonality_mode': ['additive', 'multiplicative'], 'n_changepoints': [5, 20], 'fourier_order': [1, 10], 'add_regressors': False, 'top_regressors': 3, 'cv_folds': 0, 'early_stopping_patience': 40, 'n_jobs': -1, 'cv_repeats': 2, 'n_bootstrap': 10, 'random_state': 42, 'log_experiment_results': True, 'log_filepath': 'junk.csv', 'plot_forecast': False, 'save_plot': True, 'data_filepath': '../data/combined_water_data.csv', 'run_dir': 'exp9_base_no_reg', 'optimize_regressor_selection': True, 'min_regressors': 2, 'max_regressors': 10, 'regressors': {'ramadan_month_regressor': True, 'eid_alfitr_month_regressor': True, 'eid_aladha_month_regressor': True, 'fridays_per_month_regressor': True, 'temperature_regressor': True, 'temp_anomaly_regressor': True, 'humidity_regressor': True, 'rainfall_regressor': True, 'month_sin_regressor': True, 'month_cos_regressor': True, 'month_sin2_regressor': False, 'month_cos2_regressor': False, 'winter_regressor': True, 'spring_regressor': True, 'summer_regressor': True, 'fall_regressor': True, 'years_since_start_regressor': True, 'years_since_start_squared_regressor': True, 'years_since_start_power1_5_regressor': False, 'years_since_start_log_regressor': False, 'years_since_halfway_regressor': False, 'multi_year_cycle_regressor': False, 'cumulative_rainfall_regressor': False, 'temp_trend_interaction_regressor': False, 'y_ma3_regressor': True, 'y_ma6_regressor': False, 'y_ma12_regressor': False, 'y_ewma3_regressor': True, 'y_ewma6_regressor': False, 'y_std3_regressor': False, 'y_std6_regressor': False, 'y_std12_regressor': False}}"
2025-07-15 00:50:29,28,additive,0.2448012459311128,2.1939874165370226,2,100,,,0,0.0,1,1207.2761864232682,1447.8900891605042,6.525165642356274,0.652619250812509,0.7143293840082169,"{'mae': 1207.2761864232682, 'rmse': 1447.8900891605042, 'mape': 6.525165642356274, 'mase': 0.652619250812509, 'mase_seas': 0.7143293840082169}",12,[],"{'comment': '', 'area_id': 28, 'test_size': 12, 'valid_size': 10, 'impute_thresh': None, 'impute_method': 'linear', 'outlier_detection': 'iqr', 'outlier_treatment': 'interpolate', 'auto_outlier_methods': False, 'n_trials': 100, 'optimize': True, 'changepoint_prior_scale': [0.001, 0.6], 'seasonality_prior_scale': [0.01, 5], 'seasonality_mode': ['additive', 'multiplicative'], 'n_changepoints': [5, 20], 'fourier_order': [1, 10], 'add_regressors': False, 'top_regressors': 3, 'cv_folds': 0, 'early_stopping_patience': 40, 'n_jobs': -1, 'cv_repeats': 2, 'n_bootstrap': 10, 'random_state': 42, 'log_experiment_results': True, 'log_filepath': 'junk.csv', 'plot_forecast': False, 'save_plot': True, 'data_filepath': '../data/combined_water_data.csv', 'run_dir': 'exp9_base_no_reg', 'optimize_regressor_selection': True, 'min_regressors': 2, 'max_regressors': 10, 'regressors': {'ramadan_month_regressor': True, 'eid_alfitr_month_regressor': True, 'eid_aladha_month_regressor': True, 'fridays_per_month_regressor': True, 'temperature_regressor': True, 'temp_anomaly_regressor': True, 'humidity_regressor': True, 'rainfall_regressor': True, 'month_sin_regressor': True, 'month_cos_regressor': True, 'month_sin2_regressor': False, 'month_cos2_regressor': False, 'winter_regressor': True, 'spring_regressor': True, 'summer_regressor': True, 'fall_regressor': True, 'years_since_start_regressor': True, 'years_since_start_squared_regressor': True, 'years_since_start_power1_5_regressor': False, 'years_since_start_log_regressor': False, 'years_since_halfway_regressor': False, 'multi_year_cycle_regressor': False, 'cumulative_rainfall_regressor': False, 'temp_trend_interaction_regressor': False, 'y_ma3_regressor': True, 'y_ma6_regressor': False, 'y_ma12_regressor': False, 'y_ewma3_regressor': True, 'y_ewma6_regressor': False, 'y_std3_regressor': False, 'y_std6_regressor': False, 'y_std12_regressor': False}}"
2025-07-15 00:50:52,29,additive,0.5700470631826472,3.624037661252401,1,65,,,0,0.0,1,684.3910572481453,777.2580441576536,7.558565049787644,0.919959379112336,0.6737237643125233,"{'mae': 684.3910572481453, 'rmse': 777.2580441576536, 'mape': 7.558565049787644, 'mase': 0.919959379112336, 'mase_seas': 0.6737237643125233}",12,[],"{'comment': '', 'area_id': 29, 'test_size': 12, 'valid_size': 10, 'impute_thresh': None, 'impute_method': 'linear', 'outlier_detection': 'iqr', 'outlier_treatment': 'interpolate', 'auto_outlier_methods': False, 'n_trials': 100, 'optimize': True, 'changepoint_prior_scale': [0.001, 0.6], 'seasonality_prior_scale': [0.01, 5], 'seasonality_mode': ['additive', 'multiplicative'], 'n_changepoints': [5, 20], 'fourier_order': [1, 10], 'add_regressors': False, 'top_regressors': 3, 'cv_folds': 0, 'early_stopping_patience': 40, 'n_jobs': -1, 'cv_repeats': 2, 'n_bootstrap': 10, 'random_state': 42, 'log_experiment_results': True, 'log_filepath': 'junk.csv', 'plot_forecast': False, 'save_plot': True, 'data_filepath': '../data/combined_water_data.csv', 'run_dir': 'exp9_base_no_reg', 'optimize_regressor_selection': True, 'min_regressors': 2, 'max_regressors': 10, 'regressors': {'ramadan_month_regressor': True, 'eid_alfitr_month_regressor': True, 'eid_aladha_month_regressor': True, 'fridays_per_month_regressor': True, 'temperature_regressor': True, 'temp_anomaly_regressor': True, 'humidity_regressor': True, 'rainfall_regressor': True, 'month_sin_regressor': True, 'month_cos_regressor': True, 'month_sin2_regressor': False, 'month_cos2_regressor': False, 'winter_regressor': True, 'spring_regressor': True, 'summer_regressor': True, 'fall_regressor': True, 'years_since_start_regressor': True, 'years_since_start_squared_regressor': True, 'years_since_start_power1_5_regressor': False, 'years_since_start_log_regressor': False, 'years_since_halfway_regressor': False, 'multi_year_cycle_regressor': False, 'cumulative_rainfall_regressor': False, 'temp_trend_interaction_regressor': False, 'y_ma3_regressor': True, 'y_ma6_regressor': False, 'y_ma12_regressor': False, 'y_ewma3_regressor': True, 'y_ewma6_regressor': False, 'y_std3_regressor': False, 'y_std6_regressor': False, 'y_std12_regressor': False}}"
