timestamp,area_id,seasonality_mode,changepoint_prior_scale,seasonality_prior_scale,fourier_order,n_trials,outlier_detection,outlier_treatment,outliers_found,outliers_percentage,missing_found,mae,rmse,mape,mase,mase_seas,metrics,test_size,regressors,config,exec_time
2025-08-29 11:02:31,1,multiplicative,0.24639988149371106,2.4246649626640537,3,114,,,0,0.0,0,794.1610270751268,944.0818075007892,7.561186082854614,0.8053502550872971,0.5080824058056916,"{'mae': 794.1610270751268, 'rmse': 944.0818075007892, 'mape': 7.561186082854614, 'mase': 0.8053502550872971, 'mase_seas': 0.5080824058056916}",12,"['years_since_start_regressor', 'years_since_start_squared_regressor', 'rainfall_regressor', 'temperature_regressor', 'winter_regressor', 'humidity_regressor']","{'comment': '', 'area_id': 1, 'test_size': 12, 'valid_size': 10, 'impute_thresh': None, 'impute_method': 'linear', 'outlier_detection': 'iqr', 'outlier_treatment': 'interpolate', 'auto_outlier_methods': False, 'n_trials': 300, 'optimize': True, 'changepoint_prior_scale': [0.001, 0.6], 'seasonality_prior_scale': [0.01, 5], 'seasonality_mode': ['additive', 'multiplicative'], 'n_changepoints': [5, 20], 'fourier_order': [1, 10], 'add_regressors': True, 'top_regressors': 3, 'cv_folds': 0, 'early_stopping_patience': 60, 'n_jobs': -1, 'cv_repeats': 2, 'n_bootstrap': 10, 'random_state': 42, 'log_experiment_results': True, 'log_filepath': 'junk.csv', 'plot_forecast': False, 'save_plot_mode': 'low', 'data_filepath': '../data/combined_water_data.csv', 'run_dir': 'run1', 'optimize_regressor_selection': True, 'min_regressors': 1, 'max_regressors': 6, 'regressors': {'ramadan_month_regressor': True, 'eid_alfitr_month_regressor': True, 'eid_aladha_month_regressor': True, 'fridays_per_month_regressor': True, 'temperature_regressor': True, 'temp_anomaly_regressor': True, 'humidity_regressor': True, 'rainfall_regressor': True, 'month_sin_regressor': True, 'month_cos_regressor': True, 'month_sin2_regressor': False, 'month_cos2_regressor': False, 'winter_regressor': True, 'spring_regressor': True, 'summer_regressor': True, 'fall_regressor': True, 'years_since_start_regressor': True, 'years_since_start_squared_regressor': True, 'years_since_start_power1_5_regressor': False, 'years_since_start_log_regressor': False, 'years_since_halfway_regressor': False, 'multi_year_cycle_regressor': False, 'cumulative_rainfall_regressor': False, 'temp_trend_interaction_regressor': False, 'y_ma3_regressor': False, 'y_ma6_regressor': False, 'y_ma12_regressor': False, 'y_ewma3_regressor': False, 'y_ewma6_regressor': False, 'y_std3_regressor': False, 'y_std6_regressor': False, 'y_std12_regressor': False}, 'save_plot': True}",14.439368963241577
2025-08-29 11:02:48,2,multiplicative,0.37446823629868875,0.6810005803522018,3,81,iqr,interpolate,2,3.3333333333333335,0,120.04264056731847,145.31467796460518,6.2316369064007775,0.48119438009927235,0.460742583336732,"{'mae': 120.04264056731847, 'rmse': 145.31467796460518, 'mape': 6.2316369064007775, 'mase': 0.48119438009927235, 'mase_seas': 0.460742583336732}",12,"['years_since_start_regressor', 'years_since_start_squared_regressor', 'temperature_regressor', 'rainfall_regressor', 'humidity_regressor', 'ramadan_month_regressor']","{'comment': '', 'area_id': 2, 'test_size': 12, 'valid_size': 10, 'impute_thresh': None, 'impute_method': 'linear', 'outlier_detection': 'iqr', 'outlier_treatment': 'interpolate', 'auto_outlier_methods': False, 'n_trials': 300, 'optimize': True, 'changepoint_prior_scale': [0.001, 0.6], 'seasonality_prior_scale': [0.01, 5], 'seasonality_mode': ['additive', 'multiplicative'], 'n_changepoints': [5, 20], 'fourier_order': [1, 10], 'add_regressors': True, 'top_regressors': 3, 'cv_folds': 0, 'early_stopping_patience': 60, 'n_jobs': -1, 'cv_repeats': 2, 'n_bootstrap': 10, 'random_state': 42, 'log_experiment_results': True, 'log_filepath': 'junk.csv', 'plot_forecast': False, 'save_plot_mode': 'low', 'data_filepath': '../data/combined_water_data.csv', 'run_dir': 'run1', 'optimize_regressor_selection': True, 'min_regressors': 1, 'max_regressors': 6, 'regressors': {'ramadan_month_regressor': True, 'eid_alfitr_month_regressor': True, 'eid_aladha_month_regressor': True, 'fridays_per_month_regressor': True, 'temperature_regressor': True, 'temp_anomaly_regressor': True, 'humidity_regressor': True, 'rainfall_regressor': True, 'month_sin_regressor': True, 'month_cos_regressor': True, 'month_sin2_regressor': False, 'month_cos2_regressor': False, 'winter_regressor': True, 'spring_regressor': True, 'summer_regressor': True, 'fall_regressor': True, 'years_since_start_regressor': True, 'years_since_start_squared_regressor': True, 'years_since_start_power1_5_regressor': False, 'years_since_start_log_regressor': False, 'years_since_halfway_regressor': False, 'multi_year_cycle_regressor': False, 'cumulative_rainfall_regressor': False, 'temp_trend_interaction_regressor': False, 'y_ma3_regressor': False, 'y_ma6_regressor': False, 'y_ma12_regressor': False, 'y_ewma3_regressor': False, 'y_ewma6_regressor': False, 'y_std3_regressor': False, 'y_std6_regressor': False, 'y_std12_regressor': False}, 'save_plot': True}",10.115759134292603
2025-08-29 11:03:07,3,additive,0.44296809492550193,1.3595038485481172,2,116,,,0,0.0,0,843.1639941387099,998.823983263545,4.306979026756961,0.40596944859416445,0.3878795720325546,"{'mae': 843.1639941387099, 'rmse': 998.823983263545, 'mape': 4.306979026756961, 'mase': 0.40596944859416445, 'mase_seas': 0.3878795720325546}",12,"['years_since_start_squared_regressor', 'temperature_regressor', 'years_since_start_regressor']","{'comment': '', 'area_id': 3, 'test_size': 12, 'valid_size': 10, 'impute_thresh': None, 'impute_method': 'linear', 'outlier_detection': 'iqr', 'outlier_treatment': 'interpolate', 'auto_outlier_methods': False, 'n_trials': 300, 'optimize': True, 'changepoint_prior_scale': [0.001, 0.6], 'seasonality_prior_scale': [0.01, 5], 'seasonality_mode': ['additive', 'multiplicative'], 'n_changepoints': [5, 20], 'fourier_order': [1, 10], 'add_regressors': True, 'top_regressors': 3, 'cv_folds': 0, 'early_stopping_patience': 60, 'n_jobs': -1, 'cv_repeats': 2, 'n_bootstrap': 10, 'random_state': 42, 'log_experiment_results': True, 'log_filepath': 'junk.csv', 'plot_forecast': False, 'save_plot_mode': 'low', 'data_filepath': '../data/combined_water_data.csv', 'run_dir': 'run1', 'optimize_regressor_selection': True, 'min_regressors': 1, 'max_regressors': 6, 'regressors': {'ramadan_month_regressor': True, 'eid_alfitr_month_regressor': True, 'eid_aladha_month_regressor': True, 'fridays_per_month_regressor': True, 'temperature_regressor': True, 'temp_anomaly_regressor': True, 'humidity_regressor': True, 'rainfall_regressor': True, 'month_sin_regressor': True, 'month_cos_regressor': True, 'month_sin2_regressor': False, 'month_cos2_regressor': False, 'winter_regressor': True, 'spring_regressor': True, 'summer_regressor': True, 'fall_regressor': True, 'years_since_start_regressor': True, 'years_since_start_squared_regressor': True, 'years_since_start_power1_5_regressor': False, 'years_since_start_log_regressor': False, 'years_since_halfway_regressor': False, 'multi_year_cycle_regressor': False, 'cumulative_rainfall_regressor': False, 'temp_trend_interaction_regressor': False, 'y_ma3_regressor': False, 'y_ma6_regressor': False, 'y_ma12_regressor': False, 'y_ewma3_regressor': False, 'y_ewma6_regressor': False, 'y_std3_regressor': False, 'y_std6_regressor': False, 'y_std12_regressor': False}, 'save_plot': True}",13.95421051979065
2025-08-29 11:03:28,4,multiplicative,0.5880351316496064,3.2234818930371274,10,100,iqr,interpolate,5,8.333333333333332,0,1262.6212499252917,1503.8126769917362,7.1765806258661895,0.6175022241627511,0.5469082497282665,"{'mae': 1262.6212499252917, 'rmse': 1503.8126769917362, 'mape': 7.1765806258661895, 'mase': 0.6175022241627511, 'mase_seas': 0.5469082497282665}",12,"['years_since_start_regressor', 'years_since_start_squared_regressor', 'temperature_regressor', 'humidity_regressor', 'temp_anomaly_regressor']","{'comment': '', 'area_id': 4, 'test_size': 12, 'valid_size': 10, 'impute_thresh': None, 'impute_method': 'linear', 'outlier_detection': 'iqr', 'outlier_treatment': 'interpolate', 'auto_outlier_methods': False, 'n_trials': 300, 'optimize': True, 'changepoint_prior_scale': [0.001, 0.6], 'seasonality_prior_scale': [0.01, 5], 'seasonality_mode': ['additive', 'multiplicative'], 'n_changepoints': [5, 20], 'fourier_order': [1, 10], 'add_regressors': True, 'top_regressors': 3, 'cv_folds': 0, 'early_stopping_patience': 60, 'n_jobs': -1, 'cv_repeats': 2, 'n_bootstrap': 10, 'random_state': 42, 'log_experiment_results': True, 'log_filepath': 'junk.csv', 'plot_forecast': False, 'save_plot_mode': 'low', 'data_filepath': '../data/combined_water_data.csv', 'run_dir': 'run1', 'optimize_regressor_selection': True, 'min_regressors': 1, 'max_regressors': 6, 'regressors': {'ramadan_month_regressor': True, 'eid_alfitr_month_regressor': True, 'eid_aladha_month_regressor': True, 'fridays_per_month_regressor': True, 'temperature_regressor': True, 'temp_anomaly_regressor': True, 'humidity_regressor': True, 'rainfall_regressor': True, 'month_sin_regressor': True, 'month_cos_regressor': True, 'month_sin2_regressor': False, 'month_cos2_regressor': False, 'winter_regressor': True, 'spring_regressor': True, 'summer_regressor': True, 'fall_regressor': True, 'years_since_start_regressor': True, 'years_since_start_squared_regressor': True, 'years_since_start_power1_5_regressor': False, 'years_since_start_log_regressor': False, 'years_since_halfway_regressor': False, 'multi_year_cycle_regressor': False, 'cumulative_rainfall_regressor': False, 'temp_trend_interaction_regressor': False, 'y_ma3_regressor': False, 'y_ma6_regressor': False, 'y_ma12_regressor': False, 'y_ewma3_regressor': False, 'y_ewma6_regressor': False, 'y_std3_regressor': False, 'y_std6_regressor': False, 'y_std12_regressor': False}, 'save_plot': True}",13.09187626838684
2025-08-29 11:03:53,5,multiplicative,0.384194545838032,3.1321951982413854,2,147,iqr,interpolate,4,6.666666666666667,0,1119.6153357313897,1419.0103298131337,5.890836804438415,0.5718717278261116,0.6516705941957878,"{'mae': 1119.6153357313897, 'rmse': 1419.0103298131337, 'mape': 5.890836804438415, 'mase': 0.5718717278261116, 'mase_seas': 0.6516705941957878}",12,"['years_since_start_squared_regressor', 'years_since_start_regressor', 'temperature_regressor']","{'comment': '', 'area_id': 5, 'test_size': 12, 'valid_size': 10, 'impute_thresh': None, 'impute_method': 'linear', 'outlier_detection': 'iqr', 'outlier_treatment': 'interpolate', 'auto_outlier_methods': False, 'n_trials': 300, 'optimize': True, 'changepoint_prior_scale': [0.001, 0.6], 'seasonality_prior_scale': [0.01, 5], 'seasonality_mode': ['additive', 'multiplicative'], 'n_changepoints': [5, 20], 'fourier_order': [1, 10], 'add_regressors': True, 'top_regressors': 3, 'cv_folds': 0, 'early_stopping_patience': 60, 'n_jobs': -1, 'cv_repeats': 2, 'n_bootstrap': 10, 'random_state': 42, 'log_experiment_results': True, 'log_filepath': 'junk.csv', 'plot_forecast': False, 'save_plot_mode': 'low', 'data_filepath': '../data/combined_water_data.csv', 'run_dir': 'run1', 'optimize_regressor_selection': True, 'min_regressors': 1, 'max_regressors': 6, 'regressors': {'ramadan_month_regressor': True, 'eid_alfitr_month_regressor': True, 'eid_aladha_month_regressor': True, 'fridays_per_month_regressor': True, 'temperature_regressor': True, 'temp_anomaly_regressor': True, 'humidity_regressor': True, 'rainfall_regressor': True, 'month_sin_regressor': True, 'month_cos_regressor': True, 'month_sin2_regressor': False, 'month_cos2_regressor': False, 'winter_regressor': True, 'spring_regressor': True, 'summer_regressor': True, 'fall_regressor': True, 'years_since_start_regressor': True, 'years_since_start_squared_regressor': True, 'years_since_start_power1_5_regressor': False, 'years_since_start_log_regressor': False, 'years_since_halfway_regressor': False, 'multi_year_cycle_regressor': False, 'cumulative_rainfall_regressor': False, 'temp_trend_interaction_regressor': False, 'y_ma3_regressor': False, 'y_ma6_regressor': False, 'y_ma12_regressor': False, 'y_ewma3_regressor': False, 'y_ewma6_regressor': False, 'y_std3_regressor': False, 'y_std6_regressor': False, 'y_std12_regressor': False}, 'save_plot': True}",19.104694843292236
2025-08-29 11:04:24,6,additive,0.5997173979362358,4.104696657918743,3,207,,,0,0.0,0,807.7507154798772,1080.8773121068134,3.52184002440502,0.29866327570176554,0.295743969054309,"{'mae': 807.7507154798772, 'rmse': 1080.8773121068134, 'mape': 3.52184002440502, 'mase': 0.29866327570176554, 'mase_seas': 0.295743969054309}",12,"['years_since_start_regressor', 'years_since_start_squared_regressor', 'temperature_regressor']","{'comment': '', 'area_id': 6, 'test_size': 12, 'valid_size': 10, 'impute_thresh': None, 'impute_method': 'linear', 'outlier_detection': 'iqr', 'outlier_treatment': 'interpolate', 'auto_outlier_methods': False, 'n_trials': 300, 'optimize': True, 'changepoint_prior_scale': [0.001, 0.6], 'seasonality_prior_scale': [0.01, 5], 'seasonality_mode': ['additive', 'multiplicative'], 'n_changepoints': [5, 20], 'fourier_order': [1, 10], 'add_regressors': True, 'top_regressors': 3, 'cv_folds': 0, 'early_stopping_patience': 60, 'n_jobs': -1, 'cv_repeats': 2, 'n_bootstrap': 10, 'random_state': 42, 'log_experiment_results': True, 'log_filepath': 'junk.csv', 'plot_forecast': False, 'save_plot_mode': 'low', 'data_filepath': '../data/combined_water_data.csv', 'run_dir': 'run1', 'optimize_regressor_selection': True, 'min_regressors': 1, 'max_regressors': 6, 'regressors': {'ramadan_month_regressor': True, 'eid_alfitr_month_regressor': True, 'eid_aladha_month_regressor': True, 'fridays_per_month_regressor': True, 'temperature_regressor': True, 'temp_anomaly_regressor': True, 'humidity_regressor': True, 'rainfall_regressor': True, 'month_sin_regressor': True, 'month_cos_regressor': True, 'month_sin2_regressor': False, 'month_cos2_regressor': False, 'winter_regressor': True, 'spring_regressor': True, 'summer_regressor': True, 'fall_regressor': True, 'years_since_start_regressor': True, 'years_since_start_squared_regressor': True, 'years_since_start_power1_5_regressor': False, 'years_since_start_log_regressor': False, 'years_since_halfway_regressor': False, 'multi_year_cycle_regressor': False, 'cumulative_rainfall_regressor': False, 'temp_trend_interaction_regressor': False, 'y_ma3_regressor': False, 'y_ma6_regressor': False, 'y_ma12_regressor': False, 'y_ewma3_regressor': False, 'y_ewma6_regressor': False, 'y_std3_regressor': False, 'y_std6_regressor': False, 'y_std12_regressor': False}, 'save_plot': True}",26.52001190185547
2025-08-29 11:04:44,7,multiplicative,0.3165865762257027,0.8610823368162853,4,115,iqr,interpolate,3,5.0,0,328.6562819784208,403.5544859156269,9.80429607895728,0.6125568169483196,0.7099259661104999,"{'mae': 328.6562819784208, 'rmse': 403.5544859156269, 'mape': 9.80429607895728, 'mase': 0.6125568169483196, 'mase_seas': 0.7099259661104999}",12,"['temperature_regressor', 'years_since_start_regressor', 'years_since_start_squared_regressor']","{'comment': '', 'area_id': 7, 'test_size': 12, 'valid_size': 10, 'impute_thresh': None, 'impute_method': 'linear', 'outlier_detection': 'iqr', 'outlier_treatment': 'interpolate', 'auto_outlier_methods': False, 'n_trials': 300, 'optimize': True, 'changepoint_prior_scale': [0.001, 0.6], 'seasonality_prior_scale': [0.01, 5], 'seasonality_mode': ['additive', 'multiplicative'], 'n_changepoints': [5, 20], 'fourier_order': [1, 10], 'add_regressors': True, 'top_regressors': 3, 'cv_folds': 0, 'early_stopping_patience': 60, 'n_jobs': -1, 'cv_repeats': 2, 'n_bootstrap': 10, 'random_state': 42, 'log_experiment_results': True, 'log_filepath': 'junk.csv', 'plot_forecast': False, 'save_plot_mode': 'low', 'data_filepath': '../data/combined_water_data.csv', 'run_dir': 'run1', 'optimize_regressor_selection': True, 'min_regressors': 1, 'max_regressors': 6, 'regressors': {'ramadan_month_regressor': True, 'eid_alfitr_month_regressor': True, 'eid_aladha_month_regressor': True, 'fridays_per_month_regressor': True, 'temperature_regressor': True, 'temp_anomaly_regressor': True, 'humidity_regressor': True, 'rainfall_regressor': True, 'month_sin_regressor': True, 'month_cos_regressor': True, 'month_sin2_regressor': False, 'month_cos2_regressor': False, 'winter_regressor': True, 'spring_regressor': True, 'summer_regressor': True, 'fall_regressor': True, 'years_since_start_regressor': True, 'years_since_start_squared_regressor': True, 'years_since_start_power1_5_regressor': False, 'years_since_start_log_regressor': False, 'years_since_halfway_regressor': False, 'multi_year_cycle_regressor': False, 'cumulative_rainfall_regressor': False, 'temp_trend_interaction_regressor': False, 'y_ma3_regressor': False, 'y_ma6_regressor': False, 'y_ma12_regressor': False, 'y_ewma3_regressor': False, 'y_ewma6_regressor': False, 'y_std3_regressor': False, 'y_std6_regressor': False, 'y_std12_regressor': False}, 'save_plot': True}",14.360924005508423
2025-08-29 11:05:09,8,additive,0.5782612197958915,1.9516746593433862,1,160,iqr,interpolate,3,5.0,0,527.2345462282732,648.913887178056,7.291062273399547,0.575436538855371,0.6348611454057257,"{'mae': 527.2345462282732, 'rmse': 648.913887178056, 'mape': 7.291062273399547, 'mase': 0.575436538855371, 'mase_seas': 0.6348611454057257}",12,"['years_since_start_squared_regressor', 'temperature_regressor', 'ramadan_month_regressor', 'years_since_start_regressor', 'humidity_regressor']","{'comment': '', 'area_id': 8, 'test_size': 12, 'valid_size': 10, 'impute_thresh': None, 'impute_method': 'linear', 'outlier_detection': 'iqr', 'outlier_treatment': 'interpolate', 'auto_outlier_methods': False, 'n_trials': 300, 'optimize': True, 'changepoint_prior_scale': [0.001, 0.6], 'seasonality_prior_scale': [0.01, 5], 'seasonality_mode': ['additive', 'multiplicative'], 'n_changepoints': [5, 20], 'fourier_order': [1, 10], 'add_regressors': True, 'top_regressors': 3, 'cv_folds': 0, 'early_stopping_patience': 60, 'n_jobs': -1, 'cv_repeats': 2, 'n_bootstrap': 10, 'random_state': 42, 'log_experiment_results': True, 'log_filepath': 'junk.csv', 'plot_forecast': False, 'save_plot_mode': 'low', 'data_filepath': '../data/combined_water_data.csv', 'run_dir': 'run1', 'optimize_regressor_selection': True, 'min_regressors': 1, 'max_regressors': 6, 'regressors': {'ramadan_month_regressor': True, 'eid_alfitr_month_regressor': True, 'eid_aladha_month_regressor': True, 'fridays_per_month_regressor': True, 'temperature_regressor': True, 'temp_anomaly_regressor': True, 'humidity_regressor': True, 'rainfall_regressor': True, 'month_sin_regressor': True, 'month_cos_regressor': True, 'month_sin2_regressor': False, 'month_cos2_regressor': False, 'winter_regressor': True, 'spring_regressor': True, 'summer_regressor': True, 'fall_regressor': True, 'years_since_start_regressor': True, 'years_since_start_squared_regressor': True, 'years_since_start_power1_5_regressor': False, 'years_since_start_log_regressor': False, 'years_since_halfway_regressor': False, 'multi_year_cycle_regressor': False, 'cumulative_rainfall_regressor': False, 'temp_trend_interaction_regressor': False, 'y_ma3_regressor': False, 'y_ma6_regressor': False, 'y_ma12_regressor': False, 'y_ewma3_regressor': False, 'y_ewma6_regressor': False, 'y_std3_regressor': False, 'y_std6_regressor': False, 'y_std12_regressor': False}, 'save_plot': True}",20.768743753433228
2025-08-29 11:05:27,9,additive,0.477587843916459,2.408569555575739,4,90,iqr,interpolate,1,1.6666666666666667,0,3622.5764674045536,4235.52002406004,10.499254427507344,1.0564658569257699,1.0758752207970532,"{'mae': 3622.5764674045536, 'rmse': 4235.52002406004, 'mape': 10.499254427507344, 'mase': 1.0564658569257699, 'mase_seas': 1.0758752207970532}",12,"['years_since_start_regressor', 'years_since_start_squared_regressor']","{'comment': '', 'area_id': 9, 'test_size': 12, 'valid_size': 10, 'impute_thresh': None, 'impute_method': 'linear', 'outlier_detection': 'iqr', 'outlier_treatment': 'interpolate', 'auto_outlier_methods': False, 'n_trials': 300, 'optimize': True, 'changepoint_prior_scale': [0.001, 0.6], 'seasonality_prior_scale': [0.01, 5], 'seasonality_mode': ['additive', 'multiplicative'], 'n_changepoints': [5, 20], 'fourier_order': [1, 10], 'add_regressors': True, 'top_regressors': 3, 'cv_folds': 0, 'early_stopping_patience': 60, 'n_jobs': -1, 'cv_repeats': 2, 'n_bootstrap': 10, 'random_state': 42, 'log_experiment_results': True, 'log_filepath': 'junk.csv', 'plot_forecast': False, 'save_plot_mode': 'low', 'data_filepath': '../data/combined_water_data.csv', 'run_dir': 'run1', 'optimize_regressor_selection': True, 'min_regressors': 1, 'max_regressors': 6, 'regressors': {'ramadan_month_regressor': True, 'eid_alfitr_month_regressor': True, 'eid_aladha_month_regressor': True, 'fridays_per_month_regressor': True, 'temperature_regressor': True, 'temp_anomaly_regressor': True, 'humidity_regressor': True, 'rainfall_regressor': True, 'month_sin_regressor': True, 'month_cos_regressor': True, 'month_sin2_regressor': False, 'month_cos2_regressor': False, 'winter_regressor': True, 'spring_regressor': True, 'summer_regressor': True, 'fall_regressor': True, 'years_since_start_regressor': True, 'years_since_start_squared_regressor': True, 'years_since_start_power1_5_regressor': False, 'years_since_start_log_regressor': False, 'years_since_halfway_regressor': False, 'multi_year_cycle_regressor': False, 'cumulative_rainfall_regressor': False, 'temp_trend_interaction_regressor': False, 'y_ma3_regressor': False, 'y_ma6_regressor': False, 'y_ma12_regressor': False, 'y_ewma3_regressor': False, 'y_ewma6_regressor': False, 'y_std3_regressor': False, 'y_std6_regressor': False, 'y_std12_regressor': False}, 'save_plot': True}",10.714411497116089
2025-08-29 11:05:56,10,multiplicative,0.05550805150368793,3.2617074213408634,2,205,iqr,interpolate,1,1.6666666666666667,0,610.9066956766151,805.5075873216886,4.124554026056524,0.34544400366708666,0.3869253080048947,"{'mae': 610.9066956766151, 'rmse': 805.5075873216886, 'mape': 4.124554026056524, 'mase': 0.34544400366708666, 'mase_seas': 0.3869253080048947}",12,"['temperature_regressor', 'years_since_start_regressor']","{'comment': '', 'area_id': 10, 'test_size': 12, 'valid_size': 10, 'impute_thresh': None, 'impute_method': 'linear', 'outlier_detection': 'iqr', 'outlier_treatment': 'interpolate', 'auto_outlier_methods': False, 'n_trials': 300, 'optimize': True, 'changepoint_prior_scale': [0.001, 0.6], 'seasonality_prior_scale': [0.01, 5], 'seasonality_mode': ['additive', 'multiplicative'], 'n_changepoints': [5, 20], 'fourier_order': [1, 10], 'add_regressors': True, 'top_regressors': 3, 'cv_folds': 0, 'early_stopping_patience': 60, 'n_jobs': -1, 'cv_repeats': 2, 'n_bootstrap': 10, 'random_state': 42, 'log_experiment_results': True, 'log_filepath': 'junk.csv', 'plot_forecast': False, 'save_plot_mode': 'low', 'data_filepath': '../data/combined_water_data.csv', 'run_dir': 'run1', 'optimize_regressor_selection': True, 'min_regressors': 1, 'max_regressors': 6, 'regressors': {'ramadan_month_regressor': True, 'eid_alfitr_month_regressor': True, 'eid_aladha_month_regressor': True, 'fridays_per_month_regressor': True, 'temperature_regressor': True, 'temp_anomaly_regressor': True, 'humidity_regressor': True, 'rainfall_regressor': True, 'month_sin_regressor': True, 'month_cos_regressor': True, 'month_sin2_regressor': False, 'month_cos2_regressor': False, 'winter_regressor': True, 'spring_regressor': True, 'summer_regressor': True, 'fall_regressor': True, 'years_since_start_regressor': True, 'years_since_start_squared_regressor': True, 'years_since_start_power1_5_regressor': False, 'years_since_start_log_regressor': False, 'years_since_halfway_regressor': False, 'multi_year_cycle_regressor': False, 'cumulative_rainfall_regressor': False, 'temp_trend_interaction_regressor': False, 'y_ma3_regressor': False, 'y_ma6_regressor': False, 'y_ma12_regressor': False, 'y_ewma3_regressor': False, 'y_ewma6_regressor': False, 'y_std3_regressor': False, 'y_std6_regressor': False, 'y_std12_regressor': False}, 'save_plot': True}",24.07529592514038
2025-08-29 11:06:20,11,additive,0.1818914226953783,0.4598753266408646,8,142,iqr,interpolate,5,8.333333333333332,5,422.1440217728571,526.8045117415583,4.001821073085156,0.4611772819330641,0.44350192464343696,"{'mae': 422.1440217728571, 'rmse': 526.8045117415583, 'mape': 4.001821073085156, 'mase': 0.4611772819330641, 'mase_seas': 0.44350192464343696}",12,"['years_since_start_squared_regressor', 'humidity_regressor', 'years_since_start_regressor', 'temperature_regressor', 'rainfall_regressor', 'temp_anomaly_regressor']","{'comment': '', 'area_id': 11, 'test_size': 12, 'valid_size': 10, 'impute_thresh': None, 'impute_method': 'linear', 'outlier_detection': 'iqr', 'outlier_treatment': 'interpolate', 'auto_outlier_methods': False, 'n_trials': 300, 'optimize': True, 'changepoint_prior_scale': [0.001, 0.6], 'seasonality_prior_scale': [0.01, 5], 'seasonality_mode': ['additive', 'multiplicative'], 'n_changepoints': [5, 20], 'fourier_order': [1, 10], 'add_regressors': True, 'top_regressors': 3, 'cv_folds': 0, 'early_stopping_patience': 60, 'n_jobs': -1, 'cv_repeats': 2, 'n_bootstrap': 10, 'random_state': 42, 'log_experiment_results': True, 'log_filepath': 'junk.csv', 'plot_forecast': False, 'save_plot_mode': 'low', 'data_filepath': '../data/combined_water_data.csv', 'run_dir': 'run1', 'optimize_regressor_selection': True, 'min_regressors': 1, 'max_regressors': 6, 'regressors': {'ramadan_month_regressor': True, 'eid_alfitr_month_regressor': True, 'eid_aladha_month_regressor': True, 'fridays_per_month_regressor': True, 'temperature_regressor': True, 'temp_anomaly_regressor': True, 'humidity_regressor': True, 'rainfall_regressor': True, 'month_sin_regressor': True, 'month_cos_regressor': True, 'month_sin2_regressor': False, 'month_cos2_regressor': False, 'winter_regressor': True, 'spring_regressor': True, 'summer_regressor': True, 'fall_regressor': True, 'years_since_start_regressor': True, 'years_since_start_squared_regressor': True, 'years_since_start_power1_5_regressor': False, 'years_since_start_log_regressor': False, 'years_since_halfway_regressor': False, 'multi_year_cycle_regressor': False, 'cumulative_rainfall_regressor': False, 'temp_trend_interaction_regressor': False, 'y_ma3_regressor': False, 'y_ma6_regressor': False, 'y_ma12_regressor': False, 'y_ewma3_regressor': False, 'y_ewma6_regressor': False, 'y_std3_regressor': False, 'y_std6_regressor': False, 'y_std12_regressor': False}, 'save_plot': True}",18.56532859802246
2025-08-29 11:06:38,12,additive,0.5693127617406104,2.023211059958293,4,95,,,0,0.0,8,454.7634369687762,592.3743007662929,5.262173848215157,0.4523668551193143,0.31857953513134085,"{'mae': 454.7634369687762, 'rmse': 592.3743007662929, 'mape': 5.262173848215157, 'mase': 0.4523668551193143, 'mase_seas': 0.31857953513134085}",12,"['years_since_start_regressor', 'years_since_start_squared_regressor', 'rainfall_regressor', 'temp_anomaly_regressor', 'temperature_regressor']","{'comment': '', 'area_id': 12, 'test_size': 12, 'valid_size': 10, 'impute_thresh': None, 'impute_method': 'linear', 'outlier_detection': 'iqr', 'outlier_treatment': 'interpolate', 'auto_outlier_methods': False, 'n_trials': 300, 'optimize': True, 'changepoint_prior_scale': [0.001, 0.6], 'seasonality_prior_scale': [0.01, 5], 'seasonality_mode': ['additive', 'multiplicative'], 'n_changepoints': [5, 20], 'fourier_order': [1, 10], 'add_regressors': True, 'top_regressors': 3, 'cv_folds': 0, 'early_stopping_patience': 60, 'n_jobs': -1, 'cv_repeats': 2, 'n_bootstrap': 10, 'random_state': 42, 'log_experiment_results': True, 'log_filepath': 'junk.csv', 'plot_forecast': False, 'save_plot_mode': 'low', 'data_filepath': '../data/combined_water_data.csv', 'run_dir': 'run1', 'optimize_regressor_selection': True, 'min_regressors': 1, 'max_regressors': 6, 'regressors': {'ramadan_month_regressor': True, 'eid_alfitr_month_regressor': True, 'eid_aladha_month_regressor': True, 'fridays_per_month_regressor': True, 'temperature_regressor': True, 'temp_anomaly_regressor': True, 'humidity_regressor': True, 'rainfall_regressor': True, 'month_sin_regressor': True, 'month_cos_regressor': True, 'month_sin2_regressor': False, 'month_cos2_regressor': False, 'winter_regressor': True, 'spring_regressor': True, 'summer_regressor': True, 'fall_regressor': True, 'years_since_start_regressor': True, 'years_since_start_squared_regressor': True, 'years_since_start_power1_5_regressor': False, 'years_since_start_log_regressor': False, 'years_since_halfway_regressor': False, 'multi_year_cycle_regressor': False, 'cumulative_rainfall_regressor': False, 'temp_trend_interaction_regressor': False, 'y_ma3_regressor': False, 'y_ma6_regressor': False, 'y_ma12_regressor': False, 'y_ewma3_regressor': False, 'y_ewma6_regressor': False, 'y_std3_regressor': False, 'y_std6_regressor': False, 'y_std12_regressor': False}, 'save_plot': True}",11.988502740859985
2025-08-29 11:06:57,13,additive,0.5014025249509004,0.5350174884667744,2,111,iqr,interpolate,3,5.0,5,733.1837510509607,826.9007167622151,5.248601183574799,0.496887374362232,0.39899950172058624,"{'mae': 733.1837510509607, 'rmse': 826.9007167622151, 'mape': 5.248601183574799, 'mase': 0.496887374362232, 'mase_seas': 0.39899950172058624}",12,"['temperature_regressor', 'years_since_start_regressor']","{'comment': '', 'area_id': 13, 'test_size': 12, 'valid_size': 10, 'impute_thresh': None, 'impute_method': 'linear', 'outlier_detection': 'iqr', 'outlier_treatment': 'interpolate', 'auto_outlier_methods': False, 'n_trials': 300, 'optimize': True, 'changepoint_prior_scale': [0.001, 0.6], 'seasonality_prior_scale': [0.01, 5], 'seasonality_mode': ['additive', 'multiplicative'], 'n_changepoints': [5, 20], 'fourier_order': [1, 10], 'add_regressors': True, 'top_regressors': 3, 'cv_folds': 0, 'early_stopping_patience': 60, 'n_jobs': -1, 'cv_repeats': 2, 'n_bootstrap': 10, 'random_state': 42, 'log_experiment_results': True, 'log_filepath': 'junk.csv', 'plot_forecast': False, 'save_plot_mode': 'low', 'data_filepath': '../data/combined_water_data.csv', 'run_dir': 'run1', 'optimize_regressor_selection': True, 'min_regressors': 1, 'max_regressors': 6, 'regressors': {'ramadan_month_regressor': True, 'eid_alfitr_month_regressor': True, 'eid_aladha_month_regressor': True, 'fridays_per_month_regressor': True, 'temperature_regressor': True, 'temp_anomaly_regressor': True, 'humidity_regressor': True, 'rainfall_regressor': True, 'month_sin_regressor': True, 'month_cos_regressor': True, 'month_sin2_regressor': False, 'month_cos2_regressor': False, 'winter_regressor': True, 'spring_regressor': True, 'summer_regressor': True, 'fall_regressor': True, 'years_since_start_regressor': True, 'years_since_start_squared_regressor': True, 'years_since_start_power1_5_regressor': False, 'years_since_start_log_regressor': False, 'years_since_halfway_regressor': False, 'multi_year_cycle_regressor': False, 'cumulative_rainfall_regressor': False, 'temp_trend_interaction_regressor': False, 'y_ma3_regressor': False, 'y_ma6_regressor': False, 'y_ma12_regressor': False, 'y_ewma3_regressor': False, 'y_ewma6_regressor': False, 'y_std3_regressor': False, 'y_std6_regressor': False, 'y_std12_regressor': False}, 'save_plot': True}",12.921095609664917
2025-08-29 11:07:29,14,multiplicative,0.5433665632671983,1.8325766714129759,7,188,,,0,0.0,3,1641.3816898125044,2239.7890887503336,12.386005193664438,0.7327179247116208,0.5978322625781934,"{'mae': 1641.3816898125044, 'rmse': 2239.7890887503336, 'mape': 12.386005193664438, 'mase': 0.7327179247116208, 'mase_seas': 0.5978322625781934}",12,"['years_since_start_regressor', 'years_since_start_squared_regressor', 'rainfall_regressor']","{'comment': '', 'area_id': 14, 'test_size': 12, 'valid_size': 10, 'impute_thresh': None, 'impute_method': 'linear', 'outlier_detection': 'iqr', 'outlier_treatment': 'interpolate', 'auto_outlier_methods': False, 'n_trials': 300, 'optimize': True, 'changepoint_prior_scale': [0.001, 0.6], 'seasonality_prior_scale': [0.01, 5], 'seasonality_mode': ['additive', 'multiplicative'], 'n_changepoints': [5, 20], 'fourier_order': [1, 10], 'add_regressors': True, 'top_regressors': 3, 'cv_folds': 0, 'early_stopping_patience': 60, 'n_jobs': -1, 'cv_repeats': 2, 'n_bootstrap': 10, 'random_state': 42, 'log_experiment_results': True, 'log_filepath': 'junk.csv', 'plot_forecast': False, 'save_plot_mode': 'low', 'data_filepath': '../data/combined_water_data.csv', 'run_dir': 'run1', 'optimize_regressor_selection': True, 'min_regressors': 1, 'max_regressors': 6, 'regressors': {'ramadan_month_regressor': True, 'eid_alfitr_month_regressor': True, 'eid_aladha_month_regressor': True, 'fridays_per_month_regressor': True, 'temperature_regressor': True, 'temp_anomaly_regressor': True, 'humidity_regressor': True, 'rainfall_regressor': True, 'month_sin_regressor': True, 'month_cos_regressor': True, 'month_sin2_regressor': False, 'month_cos2_regressor': False, 'winter_regressor': True, 'spring_regressor': True, 'summer_regressor': True, 'fall_regressor': True, 'years_since_start_regressor': True, 'years_since_start_squared_regressor': True, 'years_since_start_power1_5_regressor': False, 'years_since_start_log_regressor': False, 'years_since_halfway_regressor': False, 'multi_year_cycle_regressor': False, 'cumulative_rainfall_regressor': False, 'temp_trend_interaction_regressor': False, 'y_ma3_regressor': False, 'y_ma6_regressor': False, 'y_ma12_regressor': False, 'y_ewma3_regressor': False, 'y_ewma6_regressor': False, 'y_std3_regressor': False, 'y_std6_regressor': False, 'y_std12_regressor': False}, 'save_plot': True}",24.3069589138031
2025-08-29 11:08:14,15,multiplicative,0.5999480582009947,4.523572522503996,1,300,,,0,0.0,0,2128.8644653481574,2321.592044768343,6.365747202145089,0.5545423451145501,0.5256707849657716,"{'mae': 2128.8644653481574, 'rmse': 2321.592044768343, 'mape': 6.365747202145089, 'mase': 0.5545423451145501, 'mase_seas': 0.5256707849657716}",12,"['years_since_start_regressor', 'years_since_start_squared_regressor', 'temperature_regressor']","{'comment': '', 'area_id': 15, 'test_size': 12, 'valid_size': 10, 'impute_thresh': None, 'impute_method': 'linear', 'outlier_detection': 'iqr', 'outlier_treatment': 'interpolate', 'auto_outlier_methods': False, 'n_trials': 300, 'optimize': True, 'changepoint_prior_scale': [0.001, 0.6], 'seasonality_prior_scale': [0.01, 5], 'seasonality_mode': ['additive', 'multiplicative'], 'n_changepoints': [5, 20], 'fourier_order': [1, 10], 'add_regressors': True, 'top_regressors': 3, 'cv_folds': 0, 'early_stopping_patience': 60, 'n_jobs': -1, 'cv_repeats': 2, 'n_bootstrap': 10, 'random_state': 42, 'log_experiment_results': True, 'log_filepath': 'junk.csv', 'plot_forecast': False, 'save_plot_mode': 'low', 'data_filepath': '../data/combined_water_data.csv', 'run_dir': 'run1', 'optimize_regressor_selection': True, 'min_regressors': 1, 'max_regressors': 6, 'regressors': {'ramadan_month_regressor': True, 'eid_alfitr_month_regressor': True, 'eid_aladha_month_regressor': True, 'fridays_per_month_regressor': True, 'temperature_regressor': True, 'temp_anomaly_regressor': True, 'humidity_regressor': True, 'rainfall_regressor': True, 'month_sin_regressor': True, 'month_cos_regressor': True, 'month_sin2_regressor': False, 'month_cos2_regressor': False, 'winter_regressor': True, 'spring_regressor': True, 'summer_regressor': True, 'fall_regressor': True, 'years_since_start_regressor': True, 'years_since_start_squared_regressor': True, 'years_since_start_power1_5_regressor': False, 'years_since_start_log_regressor': False, 'years_since_halfway_regressor': False, 'multi_year_cycle_regressor': False, 'cumulative_rainfall_regressor': False, 'temp_trend_interaction_regressor': False, 'y_ma3_regressor': False, 'y_ma6_regressor': False, 'y_ma12_regressor': False, 'y_ewma3_regressor': False, 'y_ewma6_regressor': False, 'y_std3_regressor': False, 'y_std6_regressor': False, 'y_std12_regressor': False}, 'save_plot': True}",37.95277142524719
2025-08-29 11:08:31,16,additive,0.5960448782505496,2.0054219870207097,1,90,iqr,interpolate,3,5.0,0,806.846744659054,1085.2783115497452,7.924391340637546,0.5122144526099215,0.46042311441765466,"{'mae': 806.846744659054, 'rmse': 1085.2783115497452, 'mape': 7.924391340637546, 'mase': 0.5122144526099215, 'mase_seas': 0.46042311441765466}",12,"['years_since_start_regressor', 'years_since_start_squared_regressor', 'temperature_regressor']","{'comment': '', 'area_id': 16, 'test_size': 12, 'valid_size': 10, 'impute_thresh': None, 'impute_method': 'linear', 'outlier_detection': 'iqr', 'outlier_treatment': 'interpolate', 'auto_outlier_methods': False, 'n_trials': 300, 'optimize': True, 'changepoint_prior_scale': [0.001, 0.6], 'seasonality_prior_scale': [0.01, 5], 'seasonality_mode': ['additive', 'multiplicative'], 'n_changepoints': [5, 20], 'fourier_order': [1, 10], 'add_regressors': True, 'top_regressors': 3, 'cv_folds': 0, 'early_stopping_patience': 60, 'n_jobs': -1, 'cv_repeats': 2, 'n_bootstrap': 10, 'random_state': 42, 'log_experiment_results': True, 'log_filepath': 'junk.csv', 'plot_forecast': False, 'save_plot_mode': 'low', 'data_filepath': '../data/combined_water_data.csv', 'run_dir': 'run1', 'optimize_regressor_selection': True, 'min_regressors': 1, 'max_regressors': 6, 'regressors': {'ramadan_month_regressor': True, 'eid_alfitr_month_regressor': True, 'eid_aladha_month_regressor': True, 'fridays_per_month_regressor': True, 'temperature_regressor': True, 'temp_anomaly_regressor': True, 'humidity_regressor': True, 'rainfall_regressor': True, 'month_sin_regressor': True, 'month_cos_regressor': True, 'month_sin2_regressor': False, 'month_cos2_regressor': False, 'winter_regressor': True, 'spring_regressor': True, 'summer_regressor': True, 'fall_regressor': True, 'years_since_start_regressor': True, 'years_since_start_squared_regressor': True, 'years_since_start_power1_5_regressor': False, 'years_since_start_log_regressor': False, 'years_since_halfway_regressor': False, 'multi_year_cycle_regressor': False, 'cumulative_rainfall_regressor': False, 'temp_trend_interaction_regressor': False, 'y_ma3_regressor': False, 'y_ma6_regressor': False, 'y_ma12_regressor': False, 'y_ewma3_regressor': False, 'y_ewma6_regressor': False, 'y_std3_regressor': False, 'y_std6_regressor': False, 'y_std12_regressor': False}, 'save_plot': True}",11.184486150741577
2025-08-29 11:08:49,17,multiplicative,0.21447354821791592,4.551184565276171,1,75,,,0,0.0,0,1699.39387090476,2122.8551184651574,6.087012002195282,0.3156253188301643,0.27765101230161005,"{'mae': 1699.39387090476, 'rmse': 2122.8551184651574, 'mape': 6.087012002195282, 'mase': 0.3156253188301643, 'mase_seas': 0.27765101230161005}",12,"['years_since_start_regressor', 'years_since_start_squared_regressor', 'temperature_regressor']","{'comment': '', 'area_id': 17, 'test_size': 12, 'valid_size': 10, 'impute_thresh': None, 'impute_method': 'linear', 'outlier_detection': 'iqr', 'outlier_treatment': 'interpolate', 'auto_outlier_methods': False, 'n_trials': 300, 'optimize': True, 'changepoint_prior_scale': [0.001, 0.6], 'seasonality_prior_scale': [0.01, 5], 'seasonality_mode': ['additive', 'multiplicative'], 'n_changepoints': [5, 20], 'fourier_order': [1, 10], 'add_regressors': True, 'top_regressors': 3, 'cv_folds': 0, 'early_stopping_patience': 60, 'n_jobs': -1, 'cv_repeats': 2, 'n_bootstrap': 10, 'random_state': 42, 'log_experiment_results': True, 'log_filepath': 'junk.csv', 'plot_forecast': False, 'save_plot_mode': 'low', 'data_filepath': '../data/combined_water_data.csv', 'run_dir': 'run1', 'optimize_regressor_selection': True, 'min_regressors': 1, 'max_regressors': 6, 'regressors': {'ramadan_month_regressor': True, 'eid_alfitr_month_regressor': True, 'eid_aladha_month_regressor': True, 'fridays_per_month_regressor': True, 'temperature_regressor': True, 'temp_anomaly_regressor': True, 'humidity_regressor': True, 'rainfall_regressor': True, 'month_sin_regressor': True, 'month_cos_regressor': True, 'month_sin2_regressor': False, 'month_cos2_regressor': False, 'winter_regressor': True, 'spring_regressor': True, 'summer_regressor': True, 'fall_regressor': True, 'years_since_start_regressor': True, 'years_since_start_squared_regressor': True, 'years_since_start_power1_5_regressor': False, 'years_since_start_log_regressor': False, 'years_since_halfway_regressor': False, 'multi_year_cycle_regressor': False, 'cumulative_rainfall_regressor': False, 'temp_trend_interaction_regressor': False, 'y_ma3_regressor': False, 'y_ma6_regressor': False, 'y_ma12_regressor': False, 'y_ewma3_regressor': False, 'y_ewma6_regressor': False, 'y_std3_regressor': False, 'y_std6_regressor': False, 'y_std12_regressor': False}, 'save_plot': True}",9.9145827293396
2025-08-29 11:09:20,18,additive,0.5067516963698794,2.637688598267979,2,230,iqr,interpolate,1,1.6666666666666667,0,752.4839710712066,846.8913680574236,6.63853851796945,0.4235487795397266,0.5613690102483262,"{'mae': 752.4839710712066, 'rmse': 846.8913680574236, 'mape': 6.63853851796945, 'mase': 0.4235487795397266, 'mase_seas': 0.5613690102483262}",12,['temperature_regressor'],"{'comment': '', 'area_id': 18, 'test_size': 12, 'valid_size': 10, 'impute_thresh': None, 'impute_method': 'linear', 'outlier_detection': 'iqr', 'outlier_treatment': 'interpolate', 'auto_outlier_methods': False, 'n_trials': 300, 'optimize': True, 'changepoint_prior_scale': [0.001, 0.6], 'seasonality_prior_scale': [0.01, 5], 'seasonality_mode': ['additive', 'multiplicative'], 'n_changepoints': [5, 20], 'fourier_order': [1, 10], 'add_regressors': True, 'top_regressors': 3, 'cv_folds': 0, 'early_stopping_patience': 60, 'n_jobs': -1, 'cv_repeats': 2, 'n_bootstrap': 10, 'random_state': 42, 'log_experiment_results': True, 'log_filepath': 'junk.csv', 'plot_forecast': False, 'save_plot_mode': 'low', 'data_filepath': '../data/combined_water_data.csv', 'run_dir': 'run1', 'optimize_regressor_selection': True, 'min_regressors': 1, 'max_regressors': 6, 'regressors': {'ramadan_month_regressor': True, 'eid_alfitr_month_regressor': True, 'eid_aladha_month_regressor': True, 'fridays_per_month_regressor': True, 'temperature_regressor': True, 'temp_anomaly_regressor': True, 'humidity_regressor': True, 'rainfall_regressor': True, 'month_sin_regressor': True, 'month_cos_regressor': True, 'month_sin2_regressor': False, 'month_cos2_regressor': False, 'winter_regressor': True, 'spring_regressor': True, 'summer_regressor': True, 'fall_regressor': True, 'years_since_start_regressor': True, 'years_since_start_squared_regressor': True, 'years_since_start_power1_5_regressor': False, 'years_since_start_log_regressor': False, 'years_since_halfway_regressor': False, 'multi_year_cycle_regressor': False, 'cumulative_rainfall_regressor': False, 'temp_trend_interaction_regressor': False, 'y_ma3_regressor': False, 'y_ma6_regressor': False, 'y_ma12_regressor': False, 'y_ewma3_regressor': False, 'y_ewma6_regressor': False, 'y_std3_regressor': False, 'y_std6_regressor': False, 'y_std12_regressor': False}, 'save_plot': True}",26.452119827270508
2025-08-29 11:09:36,19,multiplicative,0.458432915458509,2.8416636997006886,3,78,iqr,interpolate,1,1.6666666666666667,0,2149.9126951293038,2554.3806787386748,8.438930008221318,0.7324714152101983,0.7406326927457945,"{'mae': 2149.9126951293038, 'rmse': 2554.3806787386748, 'mape': 8.438930008221318, 'mase': 0.7324714152101983, 'mase_seas': 0.7406326927457945}",12,"['temperature_regressor', 'years_since_start_regressor', 'years_since_start_squared_regressor']","{'comment': '', 'area_id': 19, 'test_size': 12, 'valid_size': 10, 'impute_thresh': None, 'impute_method': 'linear', 'outlier_detection': 'iqr', 'outlier_treatment': 'interpolate', 'auto_outlier_methods': False, 'n_trials': 300, 'optimize': True, 'changepoint_prior_scale': [0.001, 0.6], 'seasonality_prior_scale': [0.01, 5], 'seasonality_mode': ['additive', 'multiplicative'], 'n_changepoints': [5, 20], 'fourier_order': [1, 10], 'add_regressors': True, 'top_regressors': 3, 'cv_folds': 0, 'early_stopping_patience': 60, 'n_jobs': -1, 'cv_repeats': 2, 'n_bootstrap': 10, 'random_state': 42, 'log_experiment_results': True, 'log_filepath': 'junk.csv', 'plot_forecast': False, 'save_plot_mode': 'low', 'data_filepath': '../data/combined_water_data.csv', 'run_dir': 'run1', 'optimize_regressor_selection': True, 'min_regressors': 1, 'max_regressors': 6, 'regressors': {'ramadan_month_regressor': True, 'eid_alfitr_month_regressor': True, 'eid_aladha_month_regressor': True, 'fridays_per_month_regressor': True, 'temperature_regressor': True, 'temp_anomaly_regressor': True, 'humidity_regressor': True, 'rainfall_regressor': True, 'month_sin_regressor': True, 'month_cos_regressor': True, 'month_sin2_regressor': False, 'month_cos2_regressor': False, 'winter_regressor': True, 'spring_regressor': True, 'summer_regressor': True, 'fall_regressor': True, 'years_since_start_regressor': True, 'years_since_start_squared_regressor': True, 'years_since_start_power1_5_regressor': False, 'years_since_start_log_regressor': False, 'years_since_halfway_regressor': False, 'multi_year_cycle_regressor': False, 'cumulative_rainfall_regressor': False, 'temp_trend_interaction_regressor': False, 'y_ma3_regressor': False, 'y_ma6_regressor': False, 'y_ma12_regressor': False, 'y_ewma3_regressor': False, 'y_ewma6_regressor': False, 'y_std3_regressor': False, 'y_std6_regressor': False, 'y_std12_regressor': False}, 'save_plot': True}",10.059104204177856
2025-08-29 11:09:59,20,additive,0.5819687256822297,2.1746675105429008,2,125,iqr,interpolate,3,5.0,0,7817.823434201869,9183.360334747993,30.73125663973167,1.7062032811440133,1.5896077606520722,"{'mae': 7817.823434201869, 'rmse': 9183.360334747993, 'mape': 30.73125663973167, 'mase': 1.7062032811440133, 'mase_seas': 1.5896077606520722}",12,"['years_since_start_regressor', 'years_since_start_squared_regressor', 'temperature_regressor', 'humidity_regressor', 'month_cos_regressor']","{'comment': '', 'area_id': 20, 'test_size': 12, 'valid_size': 10, 'impute_thresh': None, 'impute_method': 'linear', 'outlier_detection': 'iqr', 'outlier_treatment': 'interpolate', 'auto_outlier_methods': False, 'n_trials': 300, 'optimize': True, 'changepoint_prior_scale': [0.001, 0.6], 'seasonality_prior_scale': [0.01, 5], 'seasonality_mode': ['additive', 'multiplicative'], 'n_changepoints': [5, 20], 'fourier_order': [1, 10], 'add_regressors': True, 'top_regressors': 3, 'cv_folds': 0, 'early_stopping_patience': 60, 'n_jobs': -1, 'cv_repeats': 2, 'n_bootstrap': 10, 'random_state': 42, 'log_experiment_results': True, 'log_filepath': 'junk.csv', 'plot_forecast': False, 'save_plot_mode': 'low', 'data_filepath': '../data/combined_water_data.csv', 'run_dir': 'run1', 'optimize_regressor_selection': True, 'min_regressors': 1, 'max_regressors': 6, 'regressors': {'ramadan_month_regressor': True, 'eid_alfitr_month_regressor': True, 'eid_aladha_month_regressor': True, 'fridays_per_month_regressor': True, 'temperature_regressor': True, 'temp_anomaly_regressor': True, 'humidity_regressor': True, 'rainfall_regressor': True, 'month_sin_regressor': True, 'month_cos_regressor': True, 'month_sin2_regressor': False, 'month_cos2_regressor': False, 'winter_regressor': True, 'spring_regressor': True, 'summer_regressor': True, 'fall_regressor': True, 'years_since_start_regressor': True, 'years_since_start_squared_regressor': True, 'years_since_start_power1_5_regressor': False, 'years_since_start_log_regressor': False, 'years_since_halfway_regressor': False, 'multi_year_cycle_regressor': False, 'cumulative_rainfall_regressor': False, 'temp_trend_interaction_regressor': False, 'y_ma3_regressor': False, 'y_ma6_regressor': False, 'y_ma12_regressor': False, 'y_ewma3_regressor': False, 'y_ewma6_regressor': False, 'y_std3_regressor': False, 'y_std6_regressor': False, 'y_std12_regressor': False}, 'save_plot': True}",16.25487732887268
2025-08-29 11:10:15,21,multiplicative,0.5587334472504961,1.1445174810322456,1,89,iqr,interpolate,1,1.6666666666666667,0,942.0598319804839,1026.5974250994286,5.67566268918899,0.6068226149946241,0.7015318443471064,"{'mae': 942.0598319804839, 'rmse': 1026.5974250994286, 'mape': 5.67566268918899, 'mase': 0.6068226149946241, 'mase_seas': 0.7015318443471064}",12,"['temperature_regressor', 'years_since_start_regressor']","{'comment': '', 'area_id': 21, 'test_size': 12, 'valid_size': 10, 'impute_thresh': None, 'impute_method': 'linear', 'outlier_detection': 'iqr', 'outlier_treatment': 'interpolate', 'auto_outlier_methods': False, 'n_trials': 300, 'optimize': True, 'changepoint_prior_scale': [0.001, 0.6], 'seasonality_prior_scale': [0.01, 5], 'seasonality_mode': ['additive', 'multiplicative'], 'n_changepoints': [5, 20], 'fourier_order': [1, 10], 'add_regressors': True, 'top_regressors': 3, 'cv_folds': 0, 'early_stopping_patience': 60, 'n_jobs': -1, 'cv_repeats': 2, 'n_bootstrap': 10, 'random_state': 42, 'log_experiment_results': True, 'log_filepath': 'junk.csv', 'plot_forecast': False, 'save_plot_mode': 'low', 'data_filepath': '../data/combined_water_data.csv', 'run_dir': 'run1', 'optimize_regressor_selection': True, 'min_regressors': 1, 'max_regressors': 6, 'regressors': {'ramadan_month_regressor': True, 'eid_alfitr_month_regressor': True, 'eid_aladha_month_regressor': True, 'fridays_per_month_regressor': True, 'temperature_regressor': True, 'temp_anomaly_regressor': True, 'humidity_regressor': True, 'rainfall_regressor': True, 'month_sin_regressor': True, 'month_cos_regressor': True, 'month_sin2_regressor': False, 'month_cos2_regressor': False, 'winter_regressor': True, 'spring_regressor': True, 'summer_regressor': True, 'fall_regressor': True, 'years_since_start_regressor': True, 'years_since_start_squared_regressor': True, 'years_since_start_power1_5_regressor': False, 'years_since_start_log_regressor': False, 'years_since_halfway_regressor': False, 'multi_year_cycle_regressor': False, 'cumulative_rainfall_regressor': False, 'temp_trend_interaction_regressor': False, 'y_ma3_regressor': False, 'y_ma6_regressor': False, 'y_ma12_regressor': False, 'y_ewma3_regressor': False, 'y_ewma6_regressor': False, 'y_std3_regressor': False, 'y_std6_regressor': False, 'y_std12_regressor': False}, 'save_plot': True}",10.603559732437134
2025-08-29 11:10:59,22,multiplicative,0.5760623087317629,2.290742598529832,8,255,iqr,interpolate,1,1.6666666666666667,0,672.4479216274827,793.54897468143,9.259768194335148,1.0839982273457158,0.7905726520545023,"{'mae': 672.4479216274827, 'rmse': 793.54897468143, 'mape': 9.259768194335148, 'mase': 1.0839982273457158, 'mase_seas': 0.7905726520545023}",12,"['years_since_start_regressor', 'temperature_regressor']","{'comment': '', 'area_id': 22, 'test_size': 12, 'valid_size': 10, 'impute_thresh': None, 'impute_method': 'linear', 'outlier_detection': 'iqr', 'outlier_treatment': 'interpolate', 'auto_outlier_methods': False, 'n_trials': 300, 'optimize': True, 'changepoint_prior_scale': [0.001, 0.6], 'seasonality_prior_scale': [0.01, 5], 'seasonality_mode': ['additive', 'multiplicative'], 'n_changepoints': [5, 20], 'fourier_order': [1, 10], 'add_regressors': True, 'top_regressors': 3, 'cv_folds': 0, 'early_stopping_patience': 60, 'n_jobs': -1, 'cv_repeats': 2, 'n_bootstrap': 10, 'random_state': 42, 'log_experiment_results': True, 'log_filepath': 'junk.csv', 'plot_forecast': False, 'save_plot_mode': 'low', 'data_filepath': '../data/combined_water_data.csv', 'run_dir': 'run1', 'optimize_regressor_selection': True, 'min_regressors': 1, 'max_regressors': 6, 'regressors': {'ramadan_month_regressor': True, 'eid_alfitr_month_regressor': True, 'eid_aladha_month_regressor': True, 'fridays_per_month_regressor': True, 'temperature_regressor': True, 'temp_anomaly_regressor': True, 'humidity_regressor': True, 'rainfall_regressor': True, 'month_sin_regressor': True, 'month_cos_regressor': True, 'month_sin2_regressor': False, 'month_cos2_regressor': False, 'winter_regressor': True, 'spring_regressor': True, 'summer_regressor': True, 'fall_regressor': True, 'years_since_start_regressor': True, 'years_since_start_squared_regressor': True, 'years_since_start_power1_5_regressor': False, 'years_since_start_log_regressor': False, 'years_since_halfway_regressor': False, 'multi_year_cycle_regressor': False, 'cumulative_rainfall_regressor': False, 'temp_trend_interaction_regressor': False, 'y_ma3_regressor': False, 'y_ma6_regressor': False, 'y_ma12_regressor': False, 'y_ewma3_regressor': False, 'y_ewma6_regressor': False, 'y_std3_regressor': False, 'y_std6_regressor': False, 'y_std12_regressor': False}, 'save_plot': True}",33.65603160858154
2025-08-29 11:11:30,23,multiplicative,0.576633577179525,0.05093509282383524,2,156,,,0,0.0,0,219.31112122825436,270.74305977958556,6.042595244973468,0.648522882705924,0.6569479417701372,"{'mae': 219.31112122825436, 'rmse': 270.74305977958556, 'mape': 6.042595244973468, 'mase': 0.648522882705924, 'mase_seas': 0.6569479417701372}",12,"['temperature_regressor', 'years_since_start_squared_regressor', 'years_since_start_regressor', 'rainfall_regressor', 'winter_regressor', 'month_cos_regressor']","{'comment': '', 'area_id': 23, 'test_size': 12, 'valid_size': 10, 'impute_thresh': None, 'impute_method': 'linear', 'outlier_detection': 'iqr', 'outlier_treatment': 'interpolate', 'auto_outlier_methods': False, 'n_trials': 300, 'optimize': True, 'changepoint_prior_scale': [0.001, 0.6], 'seasonality_prior_scale': [0.01, 5], 'seasonality_mode': ['additive', 'multiplicative'], 'n_changepoints': [5, 20], 'fourier_order': [1, 10], 'add_regressors': True, 'top_regressors': 3, 'cv_folds': 0, 'early_stopping_patience': 60, 'n_jobs': -1, 'cv_repeats': 2, 'n_bootstrap': 10, 'random_state': 42, 'log_experiment_results': True, 'log_filepath': 'junk.csv', 'plot_forecast': False, 'save_plot_mode': 'low', 'data_filepath': '../data/combined_water_data.csv', 'run_dir': 'run1', 'optimize_regressor_selection': True, 'min_regressors': 1, 'max_regressors': 6, 'regressors': {'ramadan_month_regressor': True, 'eid_alfitr_month_regressor': True, 'eid_aladha_month_regressor': True, 'fridays_per_month_regressor': True, 'temperature_regressor': True, 'temp_anomaly_regressor': True, 'humidity_regressor': True, 'rainfall_regressor': True, 'month_sin_regressor': True, 'month_cos_regressor': True, 'month_sin2_regressor': False, 'month_cos2_regressor': False, 'winter_regressor': True, 'spring_regressor': True, 'summer_regressor': True, 'fall_regressor': True, 'years_since_start_regressor': True, 'years_since_start_squared_regressor': True, 'years_since_start_power1_5_regressor': False, 'years_since_start_log_regressor': False, 'years_since_halfway_regressor': False, 'multi_year_cycle_regressor': False, 'cumulative_rainfall_regressor': False, 'temp_trend_interaction_regressor': False, 'y_ma3_regressor': False, 'y_ma6_regressor': False, 'y_ma12_regressor': False, 'y_ewma3_regressor': False, 'y_ewma6_regressor': False, 'y_std3_regressor': False, 'y_std6_regressor': False, 'y_std12_regressor': False}, 'save_plot': True}",20.92461633682251
2025-08-29 11:11:58,24,additive,0.5428972983453522,2.0000389270624686,2,181,iqr,interpolate,1,1.6666666666666667,0,848.8386516588101,1002.8813691685108,6.140410379881747,0.6083473105819469,0.4702200664702208,"{'mae': 848.8386516588101, 'rmse': 1002.8813691685108, 'mape': 6.140410379881747, 'mase': 0.6083473105819469, 'mase_seas': 0.4702200664702208}",12,"['years_since_start_regressor', 'years_since_start_squared_regressor', 'temperature_regressor']","{'comment': '', 'area_id': 24, 'test_size': 12, 'valid_size': 10, 'impute_thresh': None, 'impute_method': 'linear', 'outlier_detection': 'iqr', 'outlier_treatment': 'interpolate', 'auto_outlier_methods': False, 'n_trials': 300, 'optimize': True, 'changepoint_prior_scale': [0.001, 0.6], 'seasonality_prior_scale': [0.01, 5], 'seasonality_mode': ['additive', 'multiplicative'], 'n_changepoints': [5, 20], 'fourier_order': [1, 10], 'add_regressors': True, 'top_regressors': 3, 'cv_folds': 0, 'early_stopping_patience': 60, 'n_jobs': -1, 'cv_repeats': 2, 'n_bootstrap': 10, 'random_state': 42, 'log_experiment_results': True, 'log_filepath': 'junk.csv', 'plot_forecast': False, 'save_plot_mode': 'low', 'data_filepath': '../data/combined_water_data.csv', 'run_dir': 'run1', 'optimize_regressor_selection': True, 'min_regressors': 1, 'max_regressors': 6, 'regressors': {'ramadan_month_regressor': True, 'eid_alfitr_month_regressor': True, 'eid_aladha_month_regressor': True, 'fridays_per_month_regressor': True, 'temperature_regressor': True, 'temp_anomaly_regressor': True, 'humidity_regressor': True, 'rainfall_regressor': True, 'month_sin_regressor': True, 'month_cos_regressor': True, 'month_sin2_regressor': False, 'month_cos2_regressor': False, 'winter_regressor': True, 'spring_regressor': True, 'summer_regressor': True, 'fall_regressor': True, 'years_since_start_regressor': True, 'years_since_start_squared_regressor': True, 'years_since_start_power1_5_regressor': False, 'years_since_start_log_regressor': False, 'years_since_halfway_regressor': False, 'multi_year_cycle_regressor': False, 'cumulative_rainfall_regressor': False, 'temp_trend_interaction_regressor': False, 'y_ma3_regressor': False, 'y_ma6_regressor': False, 'y_ma12_regressor': False, 'y_ewma3_regressor': False, 'y_ewma6_regressor': False, 'y_std3_regressor': False, 'y_std6_regressor': False, 'y_std12_regressor': False}, 'save_plot': True}",22.463706254959106
2025-08-29 11:12:13,25,multiplicative,0.1115373720506393,4.879327833383005,6,80,iqr,interpolate,12,20.0,0,1421.1454227521247,1881.5394478976796,7.259024090162312,0.3900483802116842,0.6667783395984892,"{'mae': 1421.1454227521247, 'rmse': 1881.5394478976796, 'mape': 7.259024090162312, 'mase': 0.3900483802116842, 'mase_seas': 0.6667783395984892}",12,"['years_since_start_regressor', 'humidity_regressor', 'years_since_start_squared_regressor', 'month_cos_regressor']","{'comment': '', 'area_id': 25, 'test_size': 12, 'valid_size': 10, 'impute_thresh': None, 'impute_method': 'linear', 'outlier_detection': 'iqr', 'outlier_treatment': 'interpolate', 'auto_outlier_methods': False, 'n_trials': 300, 'optimize': True, 'changepoint_prior_scale': [0.001, 0.6], 'seasonality_prior_scale': [0.01, 5], 'seasonality_mode': ['additive', 'multiplicative'], 'n_changepoints': [5, 20], 'fourier_order': [1, 10], 'add_regressors': True, 'top_regressors': 3, 'cv_folds': 0, 'early_stopping_patience': 60, 'n_jobs': -1, 'cv_repeats': 2, 'n_bootstrap': 10, 'random_state': 42, 'log_experiment_results': True, 'log_filepath': 'junk.csv', 'plot_forecast': False, 'save_plot_mode': 'low', 'data_filepath': '../data/combined_water_data.csv', 'run_dir': 'run1', 'optimize_regressor_selection': True, 'min_regressors': 1, 'max_regressors': 6, 'regressors': {'ramadan_month_regressor': True, 'eid_alfitr_month_regressor': True, 'eid_aladha_month_regressor': True, 'fridays_per_month_regressor': True, 'temperature_regressor': True, 'temp_anomaly_regressor': True, 'humidity_regressor': True, 'rainfall_regressor': True, 'month_sin_regressor': True, 'month_cos_regressor': True, 'month_sin2_regressor': False, 'month_cos2_regressor': False, 'winter_regressor': True, 'spring_regressor': True, 'summer_regressor': True, 'fall_regressor': True, 'years_since_start_regressor': True, 'years_since_start_squared_regressor': True, 'years_since_start_power1_5_regressor': False, 'years_since_start_log_regressor': False, 'years_since_halfway_regressor': False, 'multi_year_cycle_regressor': False, 'cumulative_rainfall_regressor': False, 'temp_trend_interaction_regressor': False, 'y_ma3_regressor': False, 'y_ma6_regressor': False, 'y_ma12_regressor': False, 'y_ewma3_regressor': False, 'y_ewma6_regressor': False, 'y_std3_regressor': False, 'y_std6_regressor': False, 'y_std12_regressor': False}, 'save_plot': True}",9.656807899475098
2025-08-29 11:12:30,26,additive,0.455017814940599,1.2673540693934537,2,94,iqr,interpolate,6,10.0,0,2726.227279672688,3668.7046490057455,8.618181209423586,1.0483344826722547,1.2688405493011732,"{'mae': 2726.227279672688, 'rmse': 3668.7046490057455, 'mape': 8.618181209423586, 'mase': 1.0483344826722547, 'mase_seas': 1.2688405493011732}",12,"['temperature_regressor', 'rainfall_regressor', 'humidity_regressor', 'month_cos_regressor', 'fridays_per_month_regressor']","{'comment': '', 'area_id': 26, 'test_size': 12, 'valid_size': 10, 'impute_thresh': None, 'impute_method': 'linear', 'outlier_detection': 'iqr', 'outlier_treatment': 'interpolate', 'auto_outlier_methods': False, 'n_trials': 300, 'optimize': True, 'changepoint_prior_scale': [0.001, 0.6], 'seasonality_prior_scale': [0.01, 5], 'seasonality_mode': ['additive', 'multiplicative'], 'n_changepoints': [5, 20], 'fourier_order': [1, 10], 'add_regressors': True, 'top_regressors': 3, 'cv_folds': 0, 'early_stopping_patience': 60, 'n_jobs': -1, 'cv_repeats': 2, 'n_bootstrap': 10, 'random_state': 42, 'log_experiment_results': True, 'log_filepath': 'junk.csv', 'plot_forecast': False, 'save_plot_mode': 'low', 'data_filepath': '../data/combined_water_data.csv', 'run_dir': 'run1', 'optimize_regressor_selection': True, 'min_regressors': 1, 'max_regressors': 6, 'regressors': {'ramadan_month_regressor': True, 'eid_alfitr_month_regressor': True, 'eid_aladha_month_regressor': True, 'fridays_per_month_regressor': True, 'temperature_regressor': True, 'temp_anomaly_regressor': True, 'humidity_regressor': True, 'rainfall_regressor': True, 'month_sin_regressor': True, 'month_cos_regressor': True, 'month_sin2_regressor': False, 'month_cos2_regressor': False, 'winter_regressor': True, 'spring_regressor': True, 'summer_regressor': True, 'fall_regressor': True, 'years_since_start_regressor': True, 'years_since_start_squared_regressor': True, 'years_since_start_power1_5_regressor': False, 'years_since_start_log_regressor': False, 'years_since_halfway_regressor': False, 'multi_year_cycle_regressor': False, 'cumulative_rainfall_regressor': False, 'temp_trend_interaction_regressor': False, 'y_ma3_regressor': False, 'y_ma6_regressor': False, 'y_ma12_regressor': False, 'y_ewma3_regressor': False, 'y_ewma6_regressor': False, 'y_std3_regressor': False, 'y_std6_regressor': False, 'y_std12_regressor': False}, 'save_plot': True}",11.499139070510864
2025-08-29 11:12:56,27,additive,0.5927949013744841,4.265835281524691,2,175,iqr,interpolate,5,8.333333333333332,1,680.8150406817575,899.6804463795886,5.516545268149276,0.49496205469686,0.5208326206920082,"{'mae': 680.8150406817575, 'rmse': 899.6804463795886, 'mape': 5.516545268149276, 'mase': 0.49496205469686, 'mase_seas': 0.5208326206920082}",12,"['years_since_start_regressor', 'years_since_start_squared_regressor', 'temperature_regressor', 'month_sin_regressor']","{'comment': '', 'area_id': 27, 'test_size': 12, 'valid_size': 10, 'impute_thresh': None, 'impute_method': 'linear', 'outlier_detection': 'iqr', 'outlier_treatment': 'interpolate', 'auto_outlier_methods': False, 'n_trials': 300, 'optimize': True, 'changepoint_prior_scale': [0.001, 0.6], 'seasonality_prior_scale': [0.01, 5], 'seasonality_mode': ['additive', 'multiplicative'], 'n_changepoints': [5, 20], 'fourier_order': [1, 10], 'add_regressors': True, 'top_regressors': 3, 'cv_folds': 0, 'early_stopping_patience': 60, 'n_jobs': -1, 'cv_repeats': 2, 'n_bootstrap': 10, 'random_state': 42, 'log_experiment_results': True, 'log_filepath': 'junk.csv', 'plot_forecast': False, 'save_plot_mode': 'low', 'data_filepath': '../data/combined_water_data.csv', 'run_dir': 'run1', 'optimize_regressor_selection': True, 'min_regressors': 1, 'max_regressors': 6, 'regressors': {'ramadan_month_regressor': True, 'eid_alfitr_month_regressor': True, 'eid_aladha_month_regressor': True, 'fridays_per_month_regressor': True, 'temperature_regressor': True, 'temp_anomaly_regressor': True, 'humidity_regressor': True, 'rainfall_regressor': True, 'month_sin_regressor': True, 'month_cos_regressor': True, 'month_sin2_regressor': False, 'month_cos2_regressor': False, 'winter_regressor': True, 'spring_regressor': True, 'summer_regressor': True, 'fall_regressor': True, 'years_since_start_regressor': True, 'years_since_start_squared_regressor': True, 'years_since_start_power1_5_regressor': False, 'years_since_start_log_regressor': False, 'years_since_halfway_regressor': False, 'multi_year_cycle_regressor': False, 'cumulative_rainfall_regressor': False, 'temp_trend_interaction_regressor': False, 'y_ma3_regressor': False, 'y_ma6_regressor': False, 'y_ma12_regressor': False, 'y_ewma3_regressor': False, 'y_ewma6_regressor': False, 'y_std3_regressor': False, 'y_std6_regressor': False, 'y_std12_regressor': False}, 'save_plot': True}",21.29923391342163
2025-08-29 11:13:20,28,multiplicative,0.402320205504322,2.7735580415058805,4,160,,,0,0.0,1,831.627537447924,1160.8277438570697,4.422190526563182,0.4495542499287185,0.49206303680139957,"{'mae': 831.627537447924, 'rmse': 1160.8277438570697, 'mape': 4.422190526563182, 'mase': 0.4495542499287185, 'mase_seas': 0.49206303680139957}",12,"['years_since_start_regressor', 'years_since_start_squared_regressor', 'temperature_regressor']","{'comment': '', 'area_id': 28, 'test_size': 12, 'valid_size': 10, 'impute_thresh': None, 'impute_method': 'linear', 'outlier_detection': 'iqr', 'outlier_treatment': 'interpolate', 'auto_outlier_methods': False, 'n_trials': 300, 'optimize': True, 'changepoint_prior_scale': [0.001, 0.6], 'seasonality_prior_scale': [0.01, 5], 'seasonality_mode': ['additive', 'multiplicative'], 'n_changepoints': [5, 20], 'fourier_order': [1, 10], 'add_regressors': True, 'top_regressors': 3, 'cv_folds': 0, 'early_stopping_patience': 60, 'n_jobs': -1, 'cv_repeats': 2, 'n_bootstrap': 10, 'random_state': 42, 'log_experiment_results': True, 'log_filepath': 'junk.csv', 'plot_forecast': False, 'save_plot_mode': 'low', 'data_filepath': '../data/combined_water_data.csv', 'run_dir': 'run1', 'optimize_regressor_selection': True, 'min_regressors': 1, 'max_regressors': 6, 'regressors': {'ramadan_month_regressor': True, 'eid_alfitr_month_regressor': True, 'eid_aladha_month_regressor': True, 'fridays_per_month_regressor': True, 'temperature_regressor': True, 'temp_anomaly_regressor': True, 'humidity_regressor': True, 'rainfall_regressor': True, 'month_sin_regressor': True, 'month_cos_regressor': True, 'month_sin2_regressor': False, 'month_cos2_regressor': False, 'winter_regressor': True, 'spring_regressor': True, 'summer_regressor': True, 'fall_regressor': True, 'years_since_start_regressor': True, 'years_since_start_squared_regressor': True, 'years_since_start_power1_5_regressor': False, 'years_since_start_log_regressor': False, 'years_since_halfway_regressor': False, 'multi_year_cycle_regressor': False, 'cumulative_rainfall_regressor': False, 'temp_trend_interaction_regressor': False, 'y_ma3_regressor': False, 'y_ma6_regressor': False, 'y_ma12_regressor': False, 'y_ewma3_regressor': False, 'y_ewma6_regressor': False, 'y_std3_regressor': False, 'y_std6_regressor': False, 'y_std12_regressor': False}, 'save_plot': True}",19.313624620437622
2025-08-29 11:13:37,29,multiplicative,0.507268388129494,1.625903151720556,1,85,,,0,0.0,1,313.07984083499076,392.75744738191656,3.4236581977102865,0.4208423428927375,0.3082000073844291,"{'mae': 313.07984083499076, 'rmse': 392.75744738191656, 'mape': 3.4236581977102865, 'mase': 0.4208423428927375, 'mase_seas': 0.3082000073844291}",12,"['years_since_start_regressor', 'years_since_start_squared_regressor', 'temperature_regressor']","{'comment': '', 'area_id': 29, 'test_size': 12, 'valid_size': 10, 'impute_thresh': None, 'impute_method': 'linear', 'outlier_detection': 'iqr', 'outlier_treatment': 'interpolate', 'auto_outlier_methods': False, 'n_trials': 300, 'optimize': True, 'changepoint_prior_scale': [0.001, 0.6], 'seasonality_prior_scale': [0.01, 5], 'seasonality_mode': ['additive', 'multiplicative'], 'n_changepoints': [5, 20], 'fourier_order': [1, 10], 'add_regressors': True, 'top_regressors': 3, 'cv_folds': 0, 'early_stopping_patience': 60, 'n_jobs': -1, 'cv_repeats': 2, 'n_bootstrap': 10, 'random_state': 42, 'log_experiment_results': True, 'log_filepath': 'junk.csv', 'plot_forecast': False, 'save_plot_mode': 'low', 'data_filepath': '../data/combined_water_data.csv', 'run_dir': 'run1', 'optimize_regressor_selection': True, 'min_regressors': 1, 'max_regressors': 6, 'regressors': {'ramadan_month_regressor': True, 'eid_alfitr_month_regressor': True, 'eid_aladha_month_regressor': True, 'fridays_per_month_regressor': True, 'temperature_regressor': True, 'temp_anomaly_regressor': True, 'humidity_regressor': True, 'rainfall_regressor': True, 'month_sin_regressor': True, 'month_cos_regressor': True, 'month_sin2_regressor': False, 'month_cos2_regressor': False, 'winter_regressor': True, 'spring_regressor': True, 'summer_regressor': True, 'fall_regressor': True, 'years_since_start_regressor': True, 'years_since_start_squared_regressor': True, 'years_since_start_power1_5_regressor': False, 'years_since_start_log_regressor': False, 'years_since_halfway_regressor': False, 'multi_year_cycle_regressor': False, 'cumulative_rainfall_regressor': False, 'temp_trend_interaction_regressor': False, 'y_ma3_regressor': False, 'y_ma6_regressor': False, 'y_ma12_regressor': False, 'y_ewma3_regressor': False, 'y_ewma6_regressor': False, 'y_std3_regressor': False, 'y_std6_regressor': False, 'y_std12_regressor': False}, 'save_plot': True}",10.42343807220459
